transaction_id,user_id,amount,email,transaction_time,email_domain,transaction_date
T0001,U069,0.0,jeffreyfisher@gmail.com,2025-04-20 08:00:02,gmail.com,2025-04-20
T0002,U253,70921.08,porteramy@yahoo.com,2025-03-30 21:07:41,yahoo.com,2025-03-30
T0003,U222,42313.74,jerome93@yahoo.com,2025-04-20 10:50:30,yahoo.com,2025-04-20
T0004,U187,0.0,jimeneztamara@snyder-shaw.com,2025-04-05 11:48:29,snyder-shaw.com,2025-04-05
T0005,U064,81176.73,louis64@gmail.com,2025-04-14 08:50:35,gmail.com,2025-04-14
T0006,U121,0.0,laura76@welch.info,2025-04-26 17:20:46,welch.info,2025-04-26
T0007,U164,0.0,deanna15@mcbride-day.com,2025-03-30 06:43:54,mcbride-day.com,2025-03-30
T0008,U212,0.0,dgreen@hotmail.com,2025-04-23 07:19:12,hotmail.com,2025-04-23
T0009,U221,0.0,bgonzalez@gmail.com,2025-03-29 12:48:03,gmail.com,2025-03-29
T0010,U033,0.0,rebecca69@hotmail.com,2025-04-15 04:04:31,hotmail.com,2025-04-15
T0011,U093,82119.7,roberttucker@johnson-robinson.net,2025-04-20 02:52:35,johnson-robinson.net,2025-04-20
T0012,U279,63515.6,brucesmith@gmail.com,2025-04-20 09:58:53,gmail.com,2025-04-20
T0013,U184,0.0,jackielewis@yahoo.com,2025-03-29 21:00:47,yahoo.com,2025-03-29
T0014,U130,0.0,dawn56@roman.net,2025-04-15 19:21:50,roman.net,2025-04-15
T0015,U225,0.0,dmiller@hotmail.com,2025-04-02 17:54:03,hotmail.com,2025-04-02
T0016,U217,0.0,michael81@farley-morrow.info,2025-04-07 05:51:49,farley-morrow.info,2025-04-07
T0017,U115,40985.08,gmccoy@yahoo.com,2025-04-16 18:40:03,yahoo.com,2025-04-16
T0018,U062,0.0,lopezkeith@yahoo.com,2025-04-09 18:44:37,yahoo.com,2025-04-09
T0019,U280,0.0,hgarcia@yahoo.com,2025-04-12 00:43:15,yahoo.com,2025-04-12
T0020,U057,0.0,paul68@yahoo.com,2025-04-15 11:48:24,yahoo.com,2025-04-15
T0021,U296,35984.19,uwaters@martin.com,2025-04-23 17:24:02,martin.com,2025-04-23
T0022,U157,0.0,ysilva@gmail.com,2025-04-05 14:14:18,gmail.com,2025-04-05
T0023,U085,0.0,shawn41@yahoo.com,2025-04-26 23:15:02,yahoo.com,2025-04-26
T0024,U178,0.0,rachel75@hotmail.com,2025-04-16 06:56:56,hotmail.com,2025-04-16
T0026,U065,0.0,anthony92@howard-dodson.com,2025-04-01 18:52:38,howard-dodson.com,2025-04-01
T0027,U041,23227.12,teresawilliams@yahoo.com,2025-03-29 06:58:25,yahoo.com,2025-03-29
T0028,U110,0.0,elizabethmclean@porter.biz,2025-04-26 14:43:19,porter.biz,2025-04-26
T0029,U273,0.0,sarahzimmerman@hotmail.com,2025-04-03 02:38:36,hotmail.com,2025-04-03
T0030,U017,0.0,charlenehanson@gmail.com,2025-04-09 03:38:13,gmail.com,2025-04-09
T0031,U180,0.0,melissa31@carter.com,2025-04-19 16:04:22,carter.com,2025-04-19
T0032,U113,0.0,taylorjoseph@hotmail.com,2025-04-16 07:45:18,hotmail.com,2025-04-16
T0033,U060,0.0,debra62@gmail.com,2025-04-20 04:48:33,gmail.com,2025-04-20
T0034,U029,0.0,ppatterson@yahoo.com,2025-04-09 23:00:47,yahoo.com,2025-04-09
T0035,U180,74468.55,michaelcarey@gmail.com,2025-04-01 16:09:24,gmail.com,2025-04-01
T0036,U066,88464.76,stephanie50@yahoo.com,2025-04-11 05:50:57,yahoo.com,2025-04-11
T0037,U217,0.0,joy46@gmail.com,2025-04-17 14:55:10,gmail.com,2025-04-17
T0038,U148,0.0,bonniesimon@hernandez-keller.net,2025-04-27 17:41:23,hernandez-keller.net,2025-04-27
T0039,U124,0.0,bowmanryan@gmail.com,2025-04-23 11:25:05,gmail.com,2025-04-23
T0040,U200,0.0,smithdanny@yahoo.com,2025-04-13 12:13:00,yahoo.com,2025-04-13
T0041,U141,53985.0,jreyes@gmail.com,2025-04-20 21:39:11,gmail.com,2025-04-20
T0042,U117,0.0,rachelmoss@yahoo.com,2025-04-11 00:27:48,yahoo.com,2025-04-11
T0043,U259,0.0,theresakirk@gmail.com,2025-04-16 02:24:45,gmail.com,2025-04-16
T0044,U244,50793.32,christina51@mccall.com,2025-04-13 23:28:13,mccall.com,2025-04-13
T0045,U245,0.0,garciajenny@crosby.com,2025-04-20 00:46:25,crosby.com,2025-04-20
T0046,U123,0.0,michaelaramos@yahoo.com,2025-04-13 12:13:05,yahoo.com,2025-04-13
T0047,U051,0.0,ubrown@reyes.com,2025-04-03 16:07:33,reyes.com,2025-04-03
T0049,U050,93898.14,carlsonjames@gardner-little.com,2025-04-05 03:12:16,gardner-little.com,2025-04-05
T0050,U098,0.0,mbryant@terrell.com,2025-04-26 06:13:43,terrell.com,2025-04-26
T0051,U107,0.0,mathewlamb@riley.com,2025-04-02 22:57:20,riley.com,2025-04-02
T0052,U088,70959.19,jessica48@hotmail.com,2025-04-25 00:09:15,hotmail.com,2025-04-25
T0053,U064,56784.38,katiehopkins@pope.org,2025-04-14 02:16:21,pope.org,2025-04-14
T0054,U166,54212.52,kevin53@hotmail.com,2025-04-13 06:40:56,hotmail.com,2025-04-13
T0055,U181,0.0,michellehale@yahoo.com,2025-04-22 08:05:29,yahoo.com,2025-04-22
T0056,U072,0.0,charlesrodriguez@freeman-gonzalez.com,2025-04-05 01:47:24,freeman-gonzalez.com,2025-04-05
T0057,U168,54772.22,bsmith@yahoo.com,2025-03-29 18:35:18,yahoo.com,2025-03-29
T0059,U291,49410.17,bobbyperez@gmail.com,2025-04-16 00:47:48,gmail.com,2025-04-16
T0061,U110,0.0,farmerashley@saunders.com,2025-04-12 16:25:42,saunders.com,2025-04-12
T0062,U132,0.0,michael35@hotmail.com,2025-04-17 21:55:07,hotmail.com,2025-04-17
T0064,U295,0.0,andrea13@gallegos.com,2025-04-20 11:05:49,gallegos.com,2025-04-20
T0065,U143,0.0,elizabeth04@oliver.info,2025-04-01 08:53:41,oliver.info,2025-04-01
T0066,U108,80296.12,jill11@gmail.com,2025-04-03 09:51:20,gmail.com,2025-04-03
T0067,U183,98103.36,danielramirez@hotmail.com,2025-04-19 08:54:15,hotmail.com,2025-04-19
T0068,U103,0.0,rachel89@moore.com,2025-04-24 18:29:58,moore.com,2025-04-24
T0069,U006,0.0,benderjulia@yahoo.com,2025-04-15 09:22:58,yahoo.com,2025-04-15
T0070,U282,0.0,frederickwright@gmail.com,2025-04-14 02:17:30,gmail.com,2025-04-14
T0072,U056,0.0,william81@brown.net,2025-04-20 15:47:01,brown.net,2025-04-20
T0073,U109,0.0,ryan67@bush.com,2025-04-02 05:26:04,bush.com,2025-04-02
T0074,U026,0.0,xwerner@yahoo.com,2025-04-25 16:33:24,yahoo.com,2025-04-25
T0075,U131,89574.63,jonesgeorge@yahoo.com,2025-04-14 00:16:53,yahoo.com,2025-04-14
T0077,U130,0.0,maureen88@hotmail.com,2025-04-17 06:07:20,hotmail.com,2025-04-17
T0079,U119,0.0,connorbryant@hotmail.com,2025-04-17 15:42:40,hotmail.com,2025-04-17
T0080,U099,0.0,danielle36@bradley-vega.org,2025-04-12 10:38:39,bradley-vega.org,2025-04-12
T0081,U209,63408.75,tara00@gmail.com,2025-04-22 15:38:34,gmail.com,2025-04-22
T0082,U256,0.0,tamarasanders@hotmail.com,2025-04-10 17:54:06,hotmail.com,2025-04-10
T0083,U261,0.0,toddtanner@gmail.com,2025-04-11 13:59:41,gmail.com,2025-04-11
T0084,U127,0.0,garzadavid@hotmail.com,2025-04-09 23:45:41,hotmail.com,2025-04-09
T0085,U267,0.0,sharonjohnson@owens-turner.biz,2025-04-20 03:50:32,owens-turner.biz,2025-04-20
T0086,U133,46722.35,patricia21@juarez-gray.com,2025-04-09 11:59:24,juarez-gray.com,2025-04-09
T0087,U090,0.0,angelica26@thompson.com,2025-04-23 09:19:57,thompson.com,2025-04-23
T0088,U218,0.0,rodriguezrachel@moore-hubbard.com,2025-04-14 14:28:52,moore-hubbard.com,2025-04-14
T0089,U179,0.0,molinamichael@davis-arroyo.com,2025-04-01 00:56:48,davis-arroyo.com,2025-04-01
T0090,U043,73488.49,scott49@gmail.com,2025-04-08 18:42:41,gmail.com,2025-04-08
T0091,U277,0.0,mathispamela@gmail.com,2025-03-31 07:18:37,gmail.com,2025-03-31
T0093,U181,0.0,charles63@gonzalez.com,2025-04-12 06:41:30,gonzalez.com,2025-04-12
T0094,U038,0.0,williamsrobert@king-gray.com,2025-04-25 16:11:43,king-gray.com,2025-04-25
T0095,U031,72250.11,ryan82@brown.com,2025-04-06 08:18:57,brown.com,2025-04-06
T0096,U075,0.0,morrisoncarly@rogers-weaver.info,2025-04-05 12:57:38,rogers-weaver.info,2025-04-05
T0097,U065,82322.29,kaustin@soto.com,2025-04-18 15:16:49,soto.com,2025-04-18
T0098,U130,0.0,kevinshepard@lynch-jackson.com,2025-04-04 19:01:26,lynch-jackson.com,2025-04-04
T0099,U108,95527.61,walterelliott@yahoo.com,2025-04-07 10:00:41,yahoo.com,2025-04-07
T0101,U093,0.0,zlam@hotmail.com,2025-04-01 19:35:49,hotmail.com,2025-04-01
T0102,U250,45045.85,arthurmartin@hughes.net,2025-04-07 04:04:11,hughes.net,2025-04-07
T0103,U048,18318.69,emily13@cook-underwood.com,2025-04-09 22:12:15,cook-underwood.com,2025-04-09
T0104,U204,0.0,vhart@edwards.com,2025-03-31 19:06:09,edwards.com,2025-03-31
T0105,U220,0.0,rodneystone@gmail.com,2025-04-11 17:09:18,gmail.com,2025-04-11
T0106,U119,0.0,andrewsshelby@gmail.com,2025-04-15 02:47:52,gmail.com,2025-04-15
T0108,U222,39470.76,robert94@patrick-morgan.com,2025-04-23 03:45:54,patrick-morgan.com,2025-04-23
T0110,U005,0.0,nicolesmith@williams.info,2025-04-09 11:40:53,williams.info,2025-04-09
T0111,U113,0.0,qthompson@yahoo.com,2025-04-10 22:15:54,yahoo.com,2025-04-10
T0112,U009,0.0,kford@marquez-bird.com,2025-04-02 11:47:42,marquez-bird.com,2025-04-02
T0113,U283,0.0,joshua05@hotmail.com,2025-04-19 23:10:51,hotmail.com,2025-04-19
T0114,U238,0.0,perryshelly@gmail.com,2025-04-13 12:52:04,gmail.com,2025-04-13
T0117,U132,0.0,kennethpope@ramos-wells.biz,2025-04-27 14:16:15,ramos-wells.biz,2025-04-27
T0118,U250,63624.23,scottsara@moyer.com,2025-04-13 18:33:05,moyer.com,2025-04-13
T0119,U289,0.0,elarsen@hotmail.com,2025-04-14 21:32:05,hotmail.com,2025-04-14
T0120,U122,0.0,jonathanmorris@yahoo.com,2025-04-23 07:40:28,yahoo.com,2025-04-23
T0121,U235,38546.52,daviswilliam@cain-green.com,2025-04-26 09:34:04,cain-green.com,2025-04-26
T0122,U145,0.0,andrealawson@gutierrez.info,2025-04-23 14:36:12,gutierrez.info,2025-04-23
T0123,U179,0.0,kristine44@gmail.com,2025-04-21 15:33:06,gmail.com,2025-04-21
T0124,U031,0.0,stephen34@hotmail.com,2025-04-03 00:37:30,hotmail.com,2025-04-03
T0125,U135,50278.87,zsherman@pratt-parker.net,2025-03-29 19:38:46,pratt-parker.net,2025-03-29
T0126,U153,35047.5,brian53@ballard-morales.org,2025-04-12 22:23:24,ballard-morales.org,2025-04-12
T0127,U164,0.0,nsimmons@hotmail.com,2025-04-03 03:43:56,hotmail.com,2025-04-03
T0128,U245,80037.01,hfuller@yahoo.com,2025-03-31 00:42:45,yahoo.com,2025-03-31
T0129,U263,0.0,hendersonernest@rice-rios.net,2025-04-18 22:44:46,rice-rios.net,2025-04-18
T0130,U051,37425.63,kcruz@rodriguez.com,2025-03-30 13:49:24,rodriguez.com,2025-03-30
T0131,U084,0.0,thomas56@yahoo.com,2025-04-04 06:22:50,yahoo.com,2025-04-04
T0132,U069,36647.74,nguyenamanda@yahoo.com,2025-04-18 09:02:51,yahoo.com,2025-04-18
T0133,U156,0.0,tuckersharon@yahoo.com,2025-04-04 08:22:14,yahoo.com,2025-04-04
T0134,U195,0.0,hevans@garcia.com,2025-04-26 11:16:14,garcia.com,2025-04-26
T0135,U297,0.0,dmiles@jones.net,2025-04-08 18:16:03,jones.net,2025-04-08
T0136,U206,0.0,liuwilliam@evans.com,2025-04-10 02:03:29,evans.com,2025-04-10
T0137,U133,0.0,uscott@gmail.com,2025-03-31 08:28:44,gmail.com,2025-03-31
T0139,U293,0.0,timothy89@pitts-compton.biz,2025-04-16 05:37:02,pitts-compton.biz,2025-04-16
T0140,U238,0.0,craigflores@grimes-montgomery.com,2025-03-29 04:47:13,grimes-montgomery.com,2025-03-29
T0141,U138,0.0,lauren80@hotmail.com,2025-04-27 09:30:18,hotmail.com,2025-04-27
T0142,U029,0.0,johnsonjamie@page.com,2025-04-17 17:23:26,page.com,2025-04-17
T0143,U209,0.0,davisjohn@roberts-hays.net,2025-04-15 22:06:41,roberts-hays.net,2025-04-15
T0144,U137,0.0,joshuahudson@hotmail.com,2025-04-23 02:00:13,hotmail.com,2025-04-23
T0145,U185,0.0,courtneyirwin@lopez-nunez.biz,2025-04-19 11:16:08,lopez-nunez.biz,2025-04-19
T0146,U177,0.0,michelle29@stephenson.net,2025-04-08 07:16:27,stephenson.net,2025-04-08
T0147,U175,40360.94,lscott@yahoo.com,2025-04-01 19:18:58,yahoo.com,2025-04-01
T0148,U121,0.0,qochoa@lewis.info,2025-04-02 17:21:09,lewis.info,2025-04-02
T0149,U018,0.0,mchapman@hotmail.com,2025-04-10 14:05:47,hotmail.com,2025-04-10
T0150,U296,0.0,desiree31@gmail.com,2025-04-09 09:46:04,gmail.com,2025-04-09
T0151,U298,0.0,ingramlinda@jones.com,2025-04-13 04:05:58,jones.com,2025-04-13
T0152,U285,0.0,anthonytorres@hotmail.com,2025-04-15 20:38:14,hotmail.com,2025-04-15
T0153,U161,13833.33,jerrywatson@nicholson.com,2025-04-16 04:27:20,nicholson.com,2025-04-16
T0154,U085,23677.59,davidturner@abbott.com,2025-04-24 13:20:13,abbott.com,2025-04-24
T0155,U298,0.0,jamie29@yahoo.com,2025-04-11 18:33:25,yahoo.com,2025-04-11
T0156,U058,24925.11,joseph45@hamilton.com,2025-03-29 22:57:04,hamilton.com,2025-03-29
T0157,U135,0.0,daniel53@collins.com,2025-04-17 20:16:59,collins.com,2025-04-17
T0158,U249,80379.45,eugenejones@maldonado.com,2025-03-30 22:00:15,maldonado.com,2025-03-30
T0159,U272,0.0,ronald53@gmail.com,2025-04-24 17:46:49,gmail.com,2025-04-24
T0160,U004,55842.8,bowersheather@hotmail.com,2025-04-15 09:10:36,hotmail.com,2025-04-15
T0161,U291,0.0,kingmadison@gmail.com,2025-03-29 09:37:02,gmail.com,2025-03-29
T0162,U263,0.0,ritagutierrez@austin-palmer.biz,2025-04-23 04:59:29,austin-palmer.biz,2025-04-23
T0163,U280,77007.06,williamfranklin@hotmail.com,2025-04-20 21:12:05,hotmail.com,2025-04-20
T0164,U229,0.0,fpeterson@black-cortez.info,2025-04-27 17:00:25,black-cortez.info,2025-04-27
T0165,U250,0.0,leon20@montgomery.net,2025-04-14 18:13:10,montgomery.net,2025-04-14
T0166,U070,0.0,jessica43@hotmail.com,2025-04-24 11:00:28,hotmail.com,2025-04-24
T0167,U180,96246.91,abigailjones@morris-wong.com,2025-04-06 12:19:30,morris-wong.com,2025-04-06
T0168,U241,0.0,brooke83@holt.com,2025-04-24 04:31:16,holt.com,2025-04-24
T0170,U204,93339.22,jonesdanielle@gmail.com,2025-03-30 12:24:21,gmail.com,2025-03-30
T0171,U044,0.0,kathrynabbott@hotmail.com,2025-04-02 07:43:54,hotmail.com,2025-04-02
T0173,U176,67852.45,qpatton@thompson.com,2025-04-25 13:44:29,thompson.com,2025-04-25
T0174,U099,0.0,sarah06@taylor.biz,2025-04-09 06:14:23,taylor.biz,2025-04-09
T0175,U224,99410.65,natalie63@hotmail.com,2025-04-10 14:15:20,hotmail.com,2025-04-10
T0176,U180,0.0,ulucas@hotmail.com,2025-03-30 16:18:35,hotmail.com,2025-03-30
T0177,U127,83183.17,mahoneykrystal@hotmail.com,2025-04-27 07:55:52,hotmail.com,2025-04-27
T0178,U021,0.0,melissawest@hotmail.com,2025-04-01 08:21:02,hotmail.com,2025-04-01
T0179,U277,53352.91,vmiller@yahoo.com,2025-04-19 00:39:55,yahoo.com,2025-04-19
T0180,U208,0.0,dawncoleman@horn.com,2025-04-23 01:39:55,horn.com,2025-04-23
T0182,U138,0.0,franklinjeremy@hudson.com,2025-04-18 13:15:15,hudson.com,2025-04-18
T0183,U289,70821.86,christopher02@frye-white.com,2025-04-02 06:06:40,frye-white.com,2025-04-02
T0184,U284,85570.0,danajackson@yahoo.com,2025-03-29 09:35:44,yahoo.com,2025-03-29
T0185,U085,41272.97,kimberlygraham@hotmail.com,2025-04-04 07:26:12,hotmail.com,2025-04-04
T0186,U191,69771.41,debbieryan@stewart.com,2025-04-18 05:02:21,stewart.com,2025-04-18
T0188,U108,0.0,ywilliams@yahoo.com,2025-04-02 11:31:56,yahoo.com,2025-04-02
T0189,U201,0.0,joe57@mcknight.info,2025-04-18 09:37:16,mcknight.info,2025-04-18
T0190,U179,0.0,jonestracy@gmail.com,2025-04-19 20:01:47,gmail.com,2025-04-19
T0191,U197,0.0,jeffreyfranklin@gmail.com,2025-04-17 16:38:26,gmail.com,2025-04-17
T0192,U084,10094.51,perrytimothy@dillon.com,2025-04-13 20:49:51,dillon.com,2025-04-13
T0194,U222,84821.32,kristypruitt@clark.com,2025-03-29 15:28:15,clark.com,2025-03-29
T0196,U292,0.0,kimberlysexton@gmail.com,2025-04-08 20:06:18,gmail.com,2025-04-08
T0197,U043,0.0,anthony73@yahoo.com,2025-04-19 20:45:58,yahoo.com,2025-04-19
T0198,U111,60680.0,zachary79@williams.com,2025-04-18 22:23:57,williams.com,2025-04-18
T0199,U158,0.0,fcurtis@walker-hamilton.com,2025-04-17 20:50:47,walker-hamilton.com,2025-04-17
T0200,U170,0.0,josephbradshaw@gmail.com,2025-04-13 17:37:43,gmail.com,2025-04-13
T0201,U229,29659.31,morrisonjennifer@hotmail.com,2025-04-13 04:37:20,hotmail.com,2025-04-13
T0202,U202,0.0,maddoxmelody@mccann.com,2025-04-05 20:22:58,mccann.com,2025-04-05
T0203,U022,77270.76,lorihines@brock.com,2025-04-07 14:30:20,brock.com,2025-04-07
T0204,U265,42930.79,wjones@cantrell-torres.com,2025-04-27 00:40:10,cantrell-torres.com,2025-04-27
T0205,U109,0.0,casekaren@abbott.biz,2025-04-24 09:42:08,abbott.biz,2025-04-24
T0206,U138,0.0,jose87@hotmail.com,2025-03-30 13:08:03,hotmail.com,2025-03-30
T0207,U189,0.0,murphyadrienne@yahoo.com,2025-04-05 14:20:22,yahoo.com,2025-04-05
T0208,U290,0.0,ruizjennifer@vargas.com,2025-04-08 17:09:45,vargas.com,2025-04-08
T0209,U023,0.0,qpatel@yahoo.com,2025-04-10 19:45:31,yahoo.com,2025-04-10
T0210,U273,0.0,deniselam@hotmail.com,2025-04-12 17:04:22,hotmail.com,2025-04-12
T0211,U263,0.0,kathryn78@mccoy.info,2025-04-04 10:48:34,mccoy.info,2025-04-04
T0212,U138,0.0,igray@phillips-curry.com,2025-04-27 03:34:47,phillips-curry.com,2025-04-27
T0214,U260,47048.39,hmartinez@hotmail.com,2025-03-29 18:15:14,hotmail.com,2025-03-29
T0215,U072,0.0,bgriffith@burnett.com,2025-03-29 11:55:10,burnett.com,2025-03-29
T0216,U169,82535.01,matthewedwards@yahoo.com,2025-04-01 20:21:38,yahoo.com,2025-04-01
T0217,U145,24592.33,keith00@yahoo.com,2025-04-07 18:13:38,yahoo.com,2025-04-07
T0218,U170,0.0,xdixon@sanders-allen.com,2025-04-14 02:15:19,sanders-allen.com,2025-04-14
T0219,U101,0.0,terrellbrady@hotmail.com,2025-04-18 07:08:26,hotmail.com,2025-04-18
T0220,U054,0.0,joanne12@leach-holland.com,2025-04-16 00:49:36,leach-holland.com,2025-04-16
T0221,U003,0.0,robert69@gmail.com,2025-04-16 10:41:43,gmail.com,2025-04-16
T0222,U296,14846.29,mlewis@hotmail.com,2025-03-30 23:15:29,hotmail.com,2025-03-30
T0223,U232,0.0,codyhansen@peterson.com,2025-04-10 00:35:53,peterson.com,2025-04-10
T0224,U287,0.0,nbradley@friedman.org,2025-04-06 06:21:37,friedman.org,2025-04-06
T0225,U030,50505.81,petercampbell@yahoo.com,2025-04-25 09:08:54,yahoo.com,2025-04-25
T0226,U099,0.0,chobbs@gmail.com,2025-04-20 01:28:41,gmail.com,2025-04-20
T0228,U068,0.0,hawkinskaren@hotmail.com,2025-03-31 00:40:58,hotmail.com,2025-03-31
T0229,U076,93397.56,rachel81@yahoo.com,2025-04-10 18:01:29,yahoo.com,2025-04-10
T0230,U244,39272.15,hensleymary@wilson.com,2025-04-25 16:04:47,wilson.com,2025-04-25
T0231,U251,69445.78,hrios@lopez.com,2025-03-30 17:24:43,lopez.com,2025-03-30
T0232,U006,0.0,ilogan@hotmail.com,2025-04-24 21:12:41,hotmail.com,2025-04-24
T0233,U111,0.0,tbenton@williams.info,2025-04-21 19:27:26,williams.info,2025-04-21
T0234,U298,0.0,jeremygutierrez@hotmail.com,2025-03-30 15:17:41,hotmail.com,2025-03-30
T0235,U083,0.0,barnesbenjamin@higgins.net,2025-04-24 20:33:36,higgins.net,2025-04-24
T0236,U023,0.0,abigail95@hodge-ashley.com,2025-04-11 06:33:29,hodge-ashley.com,2025-04-11
T0237,U070,86448.94,ashleydavis@yahoo.com,2025-04-18 07:41:07,yahoo.com,2025-04-18
T0238,U222,0.0,rhodesjulie@carr-berry.com,2025-03-31 19:33:15,carr-berry.com,2025-03-31
T0239,U271,63745.95,briananderson@shah-carlson.info,2025-04-01 18:51:51,shah-carlson.info,2025-04-01
T0240,U244,0.0,steelejohn@knight-lewis.com,2025-04-15 16:38:47,knight-lewis.com,2025-04-15
T0241,U148,0.0,moorekevin@gmail.com,2025-04-03 07:46:19,gmail.com,2025-04-03
T0242,U271,0.0,marshalldavid@bailey.com,2025-04-09 08:27:48,bailey.com,2025-04-09
T0243,U199,37013.54,elijah15@ingram-harper.com,2025-04-24 10:55:56,ingram-harper.com,2025-04-24
T0244,U295,0.0,matthew57@lane-mcdonald.com,2025-04-21 20:30:13,lane-mcdonald.com,2025-04-21
T0246,U282,22872.61,robert37@banks-mills.com,2025-03-29 16:28:28,banks-mills.com,2025-03-29
T0247,U066,36065.06,pamelaflores@baird.biz,2025-04-10 08:55:46,baird.biz,2025-04-10
T0248,U224,0.0,hreilly@lewis-hernandez.com,2025-04-18 02:06:45,lewis-hernandez.com,2025-04-18
T0249,U184,75943.9,tim16@gmail.com,2025-04-27 14:28:46,gmail.com,2025-04-27
T0250,U161,26246.58,jessica61@gmail.com,2025-03-31 10:27:13,gmail.com,2025-03-31
T0251,U242,50360.12,ycrane@yahoo.com,2025-04-21 02:23:21,yahoo.com,2025-04-21
T0252,U093,0.0,jonesmark@hotmail.com,2025-04-02 20:59:58,hotmail.com,2025-04-02
T0254,U141,0.0,theresa90@gmail.com,2025-03-30 10:54:27,gmail.com,2025-03-30
T0255,U293,86378.34,timothyhall@williams.org,2025-04-10 22:30:10,williams.org,2025-04-10
T0256,U204,0.0,jacksuarez@hotmail.com,2025-04-11 00:08:09,hotmail.com,2025-04-11
T0257,U273,0.0,christian38@hotmail.com,2025-04-02 12:04:01,hotmail.com,2025-04-02
T0258,U084,0.0,anthony61@simpson.com,2025-04-03 12:47:37,simpson.com,2025-04-03
T0259,U196,0.0,umoreno@skinner.com,2025-04-04 17:33:02,skinner.com,2025-04-04
T0260,U160,0.0,mbrown@wade.com,2025-04-19 07:47:22,wade.com,2025-04-19
T0261,U034,0.0,blakeflores@gmail.com,2025-04-06 18:03:14,gmail.com,2025-04-06
T0262,U224,75093.19,greensteven@yahoo.com,2025-04-10 23:34:11,yahoo.com,2025-04-10
T0263,U099,0.0,bevans@hotmail.com,2025-04-22 07:44:32,hotmail.com,2025-04-22
T0264,U247,0.0,sarahpowell@bishop-obrien.com,2025-04-07 11:02:04,bishop-obrien.com,2025-04-07
T0266,U206,0.0,nfox@ramirez.com,2025-04-08 05:56:00,ramirez.com,2025-04-08
T0267,U118,0.0,tzhang@huynh.com,2025-04-10 13:17:51,huynh.com,2025-04-10
T0268,U164,74229.97,michaelbell@gmail.com,2025-04-01 15:47:33,gmail.com,2025-04-01
T0269,U100,0.0,restes@good.biz,2025-04-20 03:15:09,good.biz,2025-04-20
T0270,U251,0.0,haynesearl@yahoo.com,2025-04-09 12:45:55,yahoo.com,2025-04-09
T0271,U295,0.0,ebaker@gmail.com,2025-04-25 15:55:26,gmail.com,2025-04-25
T0272,U285,0.0,heathconnie@kirby.com,2025-04-26 00:27:56,kirby.com,2025-04-26
T0273,U212,89152.03,ricky29@sexton.com,2025-04-23 01:23:55,sexton.com,2025-04-23
T0274,U252,29955.93,tallen@hopkins.com,2025-04-18 05:47:50,hopkins.com,2025-04-18
T0275,U235,0.0,kellyhill@vargas.info,2025-04-22 12:48:52,vargas.info,2025-04-22
T0276,U198,22256.26,psimpson@hotmail.com,2025-03-30 05:18:26,hotmail.com,2025-03-30
T0277,U273,0.0,parsonsgregory@taylor.net,2025-04-21 19:15:21,taylor.net,2025-04-21
T0280,U192,0.0,bradycody@yahoo.com,2025-04-17 21:31:59,yahoo.com,2025-04-17
T0282,U236,0.0,friedmanjerry@gmail.com,2025-04-26 08:04:02,gmail.com,2025-04-26
T0283,U029,0.0,amberperez@nguyen.com,2025-04-11 19:21:52,nguyen.com,2025-04-11
T0284,U251,63168.77,mooretodd@gmail.com,2025-04-20 10:34:52,gmail.com,2025-04-20
T0285,U097,0.0,carl92@jackson-kramer.net,2025-03-30 02:53:45,jackson-kramer.net,2025-03-30
T0286,U271,0.0,campbelldanielle@alvarado.com,2025-04-04 03:14:51,alvarado.com,2025-04-04
T0288,U003,0.0,nicholskimberly@hotmail.com,2025-04-19 05:31:22,hotmail.com,2025-04-19
T0289,U170,0.0,dblackburn@gmail.com,2025-04-03 21:05:20,gmail.com,2025-04-03
T0290,U234,50213.66,gina28@gmail.com,2025-04-17 05:40:39,gmail.com,2025-04-17
T0291,U009,88962.21,arnoldmichael@hotmail.com,2025-04-21 19:24:05,hotmail.com,2025-04-21
T0292,U223,68355.37,michael41@schwartz-hernandez.com,2025-04-03 14:09:16,schwartz-hernandez.com,2025-04-03
T0293,U036,74061.27,xmorrow@hotmail.com,2025-03-29 20:44:49,hotmail.com,2025-03-29
T0294,U134,0.0,marissa22@yahoo.com,2025-04-09 07:26:34,yahoo.com,2025-04-09
T0296,U193,0.0,troyjennings@cisneros.org,2025-04-24 11:39:31,cisneros.org,2025-04-24
T0297,U214,53599.16,carlsonjared@yahoo.com,2025-04-24 00:50:42,yahoo.com,2025-04-24
T0298,U036,0.0,pryan@gallegos.com,2025-03-30 17:05:37,gallegos.com,2025-03-30
T0299,U247,0.0,nathan92@gmail.com,2025-03-29 09:45:40,gmail.com,2025-03-29
T0300,U262,0.0,sjohnson@yahoo.com,2025-04-10 15:52:51,yahoo.com,2025-04-10
T0301,U233,0.0,christopher38@hotmail.com,2025-04-12 06:50:43,hotmail.com,2025-04-12
T0303,U122,0.0,alex24@bradford.com,2025-04-05 21:51:20,bradford.com,2025-04-05
T0304,U267,77288.09,scottparker@paul-kelly.com,2025-04-06 08:19:09,paul-kelly.com,2025-04-06
T0305,U035,70574.63,mary85@mccarthy.info,2025-04-15 21:39:25,mccarthy.info,2025-04-15
T0306,U140,35798.35,smithvanessa@lee.com,2025-04-24 08:20:14,lee.com,2025-04-24
T0307,U284,68962.26,pamela29@hotmail.com,2025-04-20 06:50:17,hotmail.com,2025-04-20
T0308,U278,65098.66,johnoliver@reilly.info,2025-04-24 04:24:39,reilly.info,2025-04-24
T0309,U221,0.0,wturner@gmail.com,2025-03-30 05:34:55,gmail.com,2025-03-30
T0310,U099,0.0,samantha44@jones.net,2025-04-05 17:17:47,jones.net,2025-04-05
T0311,U280,0.0,laurenmartin@fernandez.com,2025-03-30 14:45:11,fernandez.com,2025-03-30
T0312,U095,54245.01,thomasbarrett@baker.net,2025-04-21 08:43:42,baker.net,2025-04-21
T0313,U276,0.0,pamelalee@solis.com,2025-04-18 03:55:11,solis.com,2025-04-18
T0314,U095,16550.51,vjackson@simmons.com,2025-04-16 03:59:08,simmons.com,2025-04-16
T0315,U241,0.0,jerrycook@porter.com,2025-04-17 02:52:23,porter.com,2025-04-17
T0316,U083,0.0,cgutierrez@hotmail.com,2025-04-20 20:01:38,hotmail.com,2025-04-20
T0317,U076,63505.59,elizabethwilliams@brock.com,2025-03-30 00:11:20,brock.com,2025-03-30
T0318,U292,0.0,elizabeth85@yahoo.com,2025-04-21 19:48:09,yahoo.com,2025-04-21
T0320,U046,99399.22,bonniemack@yahoo.com,2025-04-05 21:15:08,yahoo.com,2025-04-05
T0321,U200,0.0,ugarza@hotmail.com,2025-03-31 04:12:40,hotmail.com,2025-03-31
T0322,U226,0.0,meganflores@jackson.com,2025-04-11 03:04:09,jackson.com,2025-04-11
T0323,U084,57624.68,yking@hurst.net,2025-04-16 04:07:56,hurst.net,2025-04-16
T0324,U085,0.0,brianna57@yahoo.com,2025-04-26 21:47:01,yahoo.com,2025-04-26
T0325,U037,0.0,rachel27@yahoo.com,2025-04-19 00:36:12,yahoo.com,2025-04-19
T0327,U006,0.0,dprice@hotmail.com,2025-04-01 00:38:22,hotmail.com,2025-04-01
T0328,U173,0.0,nschmidt@davis-garcia.com,2025-04-12 22:50:55,davis-garcia.com,2025-04-12
T0330,U011,0.0,wcohen@hotmail.com,2025-04-16 18:08:50,hotmail.com,2025-04-16
T0331,U233,76567.74,tommytaylor@eaton.com,2025-04-10 16:51:06,eaton.com,2025-04-10
T0332,U237,0.0,joshuabrown@yahoo.com,2025-04-06 18:01:25,yahoo.com,2025-04-06
T0333,U176,0.0,nguyenemily@yahoo.com,2025-03-29 10:01:30,yahoo.com,2025-03-29
T0334,U236,0.0,codywalsh@yahoo.com,2025-04-07 02:44:55,yahoo.com,2025-04-07
T0335,U023,0.0,alexanderwilson@gmail.com,2025-04-11 06:08:06,gmail.com,2025-04-11
T0336,U253,0.0,richmonddenise@gmail.com,2025-04-03 18:35:54,gmail.com,2025-04-03
T0339,U219,69052.44,jenny77@powers.net,2025-04-24 17:45:51,powers.net,2025-04-24
T0340,U190,0.0,ehull@yahoo.com,2025-04-26 10:49:38,yahoo.com,2025-04-26
T0341,U092,89789.69,heather19@yahoo.com,2025-03-31 02:18:51,yahoo.com,2025-03-31
T0343,U102,0.0,gblake@holt.com,2025-03-31 19:17:18,holt.com,2025-03-31
T0344,U109,0.0,wbradley@hotmail.com,2025-04-18 15:37:28,hotmail.com,2025-04-18
T0345,U014,0.0,hwhite@yahoo.com,2025-04-15 07:31:04,yahoo.com,2025-04-15
T0347,U214,0.0,lleach@downs.net,2025-04-14 04:30:22,downs.net,2025-04-14
T0348,U095,0.0,brad35@wright.com,2025-04-11 12:48:39,wright.com,2025-04-11
T0349,U283,0.0,garciajesus@dixon.com,2025-04-15 17:30:56,dixon.com,2025-04-15
T0350,U131,96642.06,bgreen@hall.com,2025-04-19 10:25:13,hall.com,2025-04-19
T0351,U190,18619.6,stefaniesullivan@gmail.com,2025-04-11 10:10:18,gmail.com,2025-04-11
T0352,U173,26572.42,hendersonjane@white.com,2025-04-02 09:49:29,white.com,2025-04-02
T0353,U010,0.0,daisy99@anderson.com,2025-04-08 15:48:37,anderson.com,2025-04-08
T0354,U098,0.0,rwilliams@gmail.com,2025-04-09 14:50:31,gmail.com,2025-04-09
T0356,U297,0.0,philip83@hotmail.com,2025-04-07 04:33:48,hotmail.com,2025-04-07
T0358,U254,0.0,joseph54@hotmail.com,2025-04-01 17:56:27,hotmail.com,2025-04-01
T0359,U039,0.0,andrewromero@stephens.org,2025-04-09 17:30:03,stephens.org,2025-04-09
T0360,U238,56031.67,rhonda84@hotmail.com,2025-04-03 09:53:59,hotmail.com,2025-04-03
T0361,U147,0.0,arellanosteven@rodriguez.com,2025-04-03 02:05:31,rodriguez.com,2025-04-03
T0363,U255,29309.07,nicoleramsey@ritter-hanson.net,2025-04-02 04:25:03,ritter-hanson.net,2025-04-02
T0365,U007,0.0,saundersvincent@hotmail.com,2025-04-23 22:21:51,hotmail.com,2025-04-23
T0366,U022,0.0,sarah95@gmail.com,2025-04-08 12:46:07,gmail.com,2025-04-08
T0367,U095,0.0,cunninghamashley@hotmail.com,2025-04-20 13:34:43,hotmail.com,2025-04-20
T0368,U144,10115.43,deborahjones@clark.info,2025-04-07 17:12:58,clark.info,2025-04-07
T0369,U217,0.0,mccartyjodi@yahoo.com,2025-04-12 12:27:42,yahoo.com,2025-04-12
T0370,U082,0.0,estradaamanda@west.com,2025-04-01 18:14:08,west.com,2025-04-01
T0371,U249,24398.07,tduke@hall.net,2025-04-15 14:26:10,hall.net,2025-04-15
T0372,U138,37917.78,smithbrian@gmail.com,2025-03-30 17:24:27,gmail.com,2025-03-30
T0373,U108,0.0,gvelez@miller.net,2025-04-19 23:09:01,miller.net,2025-04-19
T0374,U211,44699.06,robinsonstephen@gmail.com,2025-04-22 04:38:51,gmail.com,2025-04-22
T0375,U129,73487.82,harristravis@hotmail.com,2025-04-05 07:03:39,hotmail.com,2025-04-05
T0376,U231,0.0,brianbarron@knight-elliott.com,2025-04-01 05:25:56,knight-elliott.com,2025-04-01
T0377,U298,0.0,fscott@gmail.com,2025-04-04 22:58:44,gmail.com,2025-04-04
T0378,U061,0.0,kellyrobert@johnson.biz,2025-04-22 02:19:01,johnson.biz,2025-04-22
T0379,U300,0.0,thompsondaniel@cruz-bell.com,2025-04-17 16:19:19,cruz-bell.com,2025-04-17
T0380,U285,0.0,andrewsoto@caldwell.com,2025-04-11 09:12:38,caldwell.com,2025-04-11
T0381,U097,39246.56,scott14@yahoo.com,2025-04-16 10:44:50,yahoo.com,2025-04-16
T0382,U242,0.0,maynardamanda@donovan.org,2025-04-03 23:18:58,donovan.org,2025-04-03
T0383,U172,51311.8,robinsontammie@hotmail.com,2025-04-13 00:50:00,hotmail.com,2025-04-13
T0386,U005,0.0,johnstark@hotmail.com,2025-04-18 18:23:10,hotmail.com,2025-04-18
T0387,U272,0.0,christopher65@hotmail.com,2025-04-07 23:06:42,hotmail.com,2025-04-07
T0388,U265,41838.68,ashley02@moss.com,2025-04-21 15:35:13,moss.com,2025-04-21
T0389,U152,65867.08,awagner@brown.com,2025-04-25 05:50:07,brown.com,2025-04-25
T0390,U109,0.0,smithelizabeth@rodriguez-obrien.org,2025-04-17 03:18:42,rodriguez-obrien.org,2025-04-17
T0391,U235,0.0,kimmelissa@yahoo.com,2025-04-24 08:42:28,yahoo.com,2025-04-24
T0392,U032,67198.6,osmith@wilson.com,2025-04-18 11:43:46,wilson.com,2025-04-18
T0393,U279,0.0,ycasey@weeks-thomas.com,2025-04-16 09:35:48,weeks-thomas.com,2025-04-16
T0394,U212,75502.12,travisbradley@baker.com,2025-04-14 15:21:10,baker.com,2025-04-14
T0395,U209,31603.98,ushaw@hotmail.com,2025-03-31 11:40:36,hotmail.com,2025-03-31
T0396,U108,0.0,ryantownsend@velasquez.com,2025-04-03 21:04:39,velasquez.com,2025-04-03
T0397,U188,0.0,valenciabecky@yahoo.com,2025-04-16 02:21:14,yahoo.com,2025-04-16
T0400,U119,93095.77,dtran@yahoo.com,2025-04-21 13:34:57,yahoo.com,2025-04-21
T0402,U253,0.0,clinemitchell@james.net,2025-04-20 06:29:33,james.net,2025-04-20
T0403,U284,49255.84,jackiecarpenter@whitney-moore.com,2025-04-19 23:14:28,whitney-moore.com,2025-04-19
T0404,U093,0.0,josephleonard@valencia.com,2025-04-21 20:34:57,valencia.com,2025-04-21
T0406,U290,71848.54,davisjames@hotmail.com,2025-04-17 21:46:55,hotmail.com,2025-04-17
T0407,U265,73838.66,nbautista@nolan.com,2025-04-08 11:03:59,nolan.com,2025-04-08
T0408,U120,0.0,stephanie39@mcmillan-henderson.biz,2025-04-26 03:30:17,mcmillan-henderson.biz,2025-04-26
T0409,U227,0.0,dhobbs@gmail.com,2025-04-09 22:02:30,gmail.com,2025-04-09
T0410,U098,0.0,william61@gmail.com,2025-04-02 21:01:34,gmail.com,2025-04-02
T0411,U006,0.0,woodkatie@gmail.com,2025-04-08 14:41:01,gmail.com,2025-04-08
T0412,U256,49086.13,carlos81@gmail.com,2025-04-23 07:57:23,gmail.com,2025-04-23
T0413,U178,96798.36,madisonoliver@russell.com,2025-04-11 14:25:07,russell.com,2025-04-11
T0414,U133,0.0,christopher97@ford.com,2025-04-17 03:22:00,ford.com,2025-04-17
T0415,U152,63513.31,petersmichael@hotmail.com,2025-04-16 23:52:05,hotmail.com,2025-04-16
T0417,U004,0.0,edodson@yahoo.com,2025-04-25 11:18:33,yahoo.com,2025-04-25
T0418,U263,15421.95,kevinfisher@hotmail.com,2025-04-20 05:56:35,hotmail.com,2025-04-20
T0419,U130,0.0,carrie25@gmail.com,2025-04-22 10:47:13,gmail.com,2025-04-22
T0421,U110,75533.16,annedavis@gmail.com,2025-04-23 22:36:47,gmail.com,2025-04-23
T0423,U147,0.0,jessicahernandez@gmail.com,2025-04-03 06:24:27,gmail.com,2025-04-03
T0424,U262,70090.6,tjones@ramirez.com,2025-04-21 14:04:08,ramirez.com,2025-04-21
T0425,U202,0.0,myerscristina@harper-ryan.com,2025-04-23 08:59:48,harper-ryan.com,2025-04-23
T0426,U291,0.0,jessica42@house-johnson.info,2025-04-24 03:02:54,house-johnson.info,2025-04-24
T0428,U144,31364.85,curtis14@gardner.com,2025-04-12 11:23:06,gardner.com,2025-04-12
T0429,U049,19648.96,edavis@gmail.com,2025-03-31 02:16:43,gmail.com,2025-03-31
T0430,U065,80769.42,moodykristen@mcfarland.net,2025-04-26 09:09:53,mcfarland.net,2025-04-26
T0431,U148,84309.62,lindahoward@robinson.com,2025-04-13 19:22:21,robinson.com,2025-04-13
T0433,U099,0.0,daniellester@johnson.com,2025-04-16 03:08:37,johnson.com,2025-04-16
T0434,U236,96016.98,henrymichael@flores.com,2025-04-23 08:56:50,flores.com,2025-04-23
T0435,U233,68337.23,rothanne@gmail.com,2025-04-15 13:29:04,gmail.com,2025-04-15
T0436,U148,0.0,estone@gmail.com,2025-04-11 11:14:57,gmail.com,2025-04-11
T0437,U233,99830.84,franklincraig@gmail.com,2025-03-31 01:07:47,gmail.com,2025-03-31
T0438,U202,23906.22,christopher81@tucker.biz,2025-03-31 14:09:16,tucker.biz,2025-03-31
T0439,U209,0.0,lisamills@walker.org,2025-04-17 09:38:15,walker.org,2025-04-17
T0440,U239,46200.88,bryancole@powell-ingram.com,2025-04-26 09:03:53,powell-ingram.com,2025-04-26
T0441,U006,96085.94,wthompson@singh.biz,2025-04-13 18:49:41,singh.biz,2025-04-13
T0442,U271,0.0,victoria82@roberson-lawrence.net,2025-04-19 20:36:20,roberson-lawrence.net,2025-04-19
T0443,U016,94352.43,kfranco@roberts.biz,2025-04-15 07:35:59,roberts.biz,2025-04-15
T0444,U215,0.0,kmiller@gmail.com,2025-04-09 14:42:45,gmail.com,2025-04-09
T0445,U165,0.0,yarnold@sanchez.com,2025-04-17 21:03:22,sanchez.com,2025-04-17
T0446,U097,0.0,vangjose@yahoo.com,2025-04-18 02:48:10,yahoo.com,2025-04-18
T0448,U268,0.0,clarkdavid@hamilton.net,2025-04-08 09:18:27,hamilton.net,2025-04-08
T0450,U296,47901.61,kelly08@hotmail.com,2025-04-06 09:03:06,hotmail.com,2025-04-06
T0451,U293,98343.68,sean46@walters.com,2025-04-17 14:27:35,walters.com,2025-04-17
T0452,U032,0.0,laurenmitchell@cummings.com,2025-04-03 07:05:16,cummings.com,2025-04-03
T0453,U044,28102.66,mcmahonjoanne@yahoo.com,2025-03-29 10:45:36,yahoo.com,2025-03-29
T0454,U104,0.0,dmartinez@smith-frey.org,2025-04-13 01:37:35,smith-frey.org,2025-04-13
T0455,U244,0.0,uchavez@parker.info,2025-04-21 18:04:05,parker.info,2025-04-21
T0456,U042,0.0,davidlewis@yahoo.com,2025-04-12 16:30:05,yahoo.com,2025-04-12
T0457,U095,0.0,marquezcharles@fowler.com,2025-04-07 07:05:54,fowler.com,2025-04-07
T0458,U055,0.0,jessicapayne@crane.com,2025-04-07 13:39:29,crane.com,2025-04-07
T0459,U055,0.0,markchang@gmail.com,2025-04-12 17:02:22,gmail.com,2025-04-12
T0460,U246,81838.09,jenningsstephanie@briggs.biz,2025-04-10 13:05:31,briggs.biz,2025-04-10
T0461,U076,0.0,bruce52@hotmail.com,2025-04-23 15:44:14,hotmail.com,2025-04-23
T0462,U244,0.0,reyesamber@yahoo.com,2025-04-09 00:14:03,yahoo.com,2025-04-09
T0463,U058,0.0,matthew79@hotmail.com,2025-04-07 13:31:32,hotmail.com,2025-04-07
T0464,U246,59406.36,agreen@williams-parker.com,2025-04-08 23:49:36,williams-parker.com,2025-04-08
T0465,U110,42230.9,wshepherd@mcdonald-sims.com,2025-04-16 01:15:24,mcdonald-sims.com,2025-04-16
T0466,U259,22234.0,myerskristin@kelly.com,2025-04-17 11:42:43,kelly.com,2025-04-17
T0467,U160,0.0,kayla89@gmail.com,2025-04-18 16:45:59,gmail.com,2025-04-18
T0468,U116,0.0,robertsonkrystal@wright-robertson.info,2025-04-04 23:06:33,wright-robertson.info,2025-04-04
T0469,U170,0.0,travis63@gmail.com,2025-04-22 06:51:16,gmail.com,2025-04-22
T0470,U146,46153.44,hodgesnathan@hotmail.com,2025-04-12 00:05:24,hotmail.com,2025-04-12
T0471,U226,31199.42,adamday@clark.info,2025-04-17 06:38:16,clark.info,2025-04-17
T0473,U279,0.0,edwardsantos@hotmail.com,2025-04-10 08:41:13,hotmail.com,2025-04-10
T0475,U084,0.0,xwilson@yahoo.com,2025-04-21 08:03:17,yahoo.com,2025-04-21
T0476,U020,32253.47,felicia09@yahoo.com,2025-04-12 00:27:20,yahoo.com,2025-04-12
T0478,U041,73998.46,rodriguezkatie@burke.com,2025-03-30 08:42:52,burke.com,2025-03-30
T0479,U263,0.0,matthew84@moore.com,2025-04-11 19:46:17,moore.com,2025-04-11
T0480,U102,82150.26,xharmon@bridges.org,2025-04-26 19:31:10,bridges.org,2025-04-26
T0482,U258,0.0,owenssarah@ayala.net,2025-03-29 12:05:39,ayala.net,2025-03-29
T0483,U051,0.0,danielparrish@hotmail.com,2025-04-10 20:27:22,hotmail.com,2025-04-10
T0484,U112,0.0,whiggins@tran.com,2025-04-17 12:46:43,tran.com,2025-04-17
T0485,U243,0.0,sarahhernandez@santiago-campbell.net,2025-04-20 03:55:50,santiago-campbell.net,2025-04-20
T0488,U081,0.0,alyssa20@yahoo.com,2025-04-01 18:09:40,yahoo.com,2025-04-01
T0489,U097,0.0,davismarcus@mckee.com,2025-04-01 01:47:25,mckee.com,2025-04-01
T0493,U082,94225.7,susan54@greene.com,2025-03-29 10:07:41,greene.com,2025-03-29
T0494,U110,48346.92,rthompson@doyle.net,2025-04-19 05:30:42,doyle.net,2025-04-19
T0495,U128,60417.41,lburke@kirk.com,2025-04-25 00:46:54,kirk.com,2025-04-25
T0497,U262,13143.34,andrew96@mendoza.com,2025-04-24 08:24:57,mendoza.com,2025-04-24
T0498,U180,0.0,adamtaylor@garcia.com,2025-04-24 17:42:06,garcia.com,2025-04-24
T0499,U247,0.0,phillipbennett@phillips-montgomery.com,2025-04-02 16:29:30,phillips-montgomery.com,2025-04-02
T0500,U185,22377.53,helencontreras@gmail.com,2025-04-10 21:06:04,gmail.com,2025-04-10
T0501,U012,0.0,goodjennifer@hotmail.com,2025-04-06 18:53:52,hotmail.com,2025-04-06
T0502,U125,0.0,horncristian@taylor.biz,2025-03-30 10:48:43,taylor.biz,2025-03-30
T0505,U006,0.0,conradrobert@lamb.info,2025-04-18 08:23:03,lamb.info,2025-04-18
T0506,U059,36623.87,melissacantu@gmail.com,2025-04-01 08:07:17,gmail.com,2025-04-01
T0507,U208,0.0,pamelahardy@wolfe.com,2025-04-20 20:06:22,wolfe.com,2025-04-20
T0508,U035,0.0,dianesantiago@hotmail.com,2025-03-30 10:13:42,hotmail.com,2025-03-30
T0509,U097,0.0,kellyfleming@hotmail.com,2025-04-06 05:20:45,hotmail.com,2025-04-06
T0510,U265,18499.37,jalvarado@jones.net,2025-04-15 06:03:18,jones.net,2025-04-15
T0511,U032,0.0,holson@yahoo.com,2025-04-06 03:19:32,yahoo.com,2025-04-06
T0512,U065,0.0,herrerakendra@bray-ortiz.biz,2025-04-11 17:17:15,bray-ortiz.biz,2025-04-11
T0513,U074,0.0,stephaniecohen@rodriguez-gordon.com,2025-03-30 10:57:29,rodriguez-gordon.com,2025-03-30
T0515,U212,0.0,amy50@hotmail.com,2025-04-11 19:00:39,hotmail.com,2025-04-11
T0516,U181,0.0,cbarnes@hotmail.com,2025-04-19 01:25:49,hotmail.com,2025-04-19
T0517,U265,0.0,hendricksmaureen@gmail.com,2025-04-03 18:55:01,gmail.com,2025-04-03
T0518,U043,0.0,angelawilliams@evans.net,2025-04-08 05:47:26,evans.net,2025-04-08
T0519,U210,0.0,richarddiaz@dunn.com,2025-04-27 13:36:33,dunn.com,2025-04-27
T0520,U105,0.0,hansenkelli@murphy.com,2025-04-19 20:57:58,murphy.com,2025-04-19
T0521,U258,30641.53,djohnson@hardy.com,2025-04-24 02:33:38,hardy.com,2025-04-24
T0523,U277,30029.83,roachlauren@cruz.com,2025-04-21 16:10:23,cruz.com,2025-04-21
T0524,U214,0.0,mcdonaldjustin@chavez.com,2025-04-28 00:39:06,chavez.com,2025-04-28
T0525,U235,45042.59,riverajulia@harris.com,2025-04-11 13:06:35,harris.com,2025-04-11
T0526,U179,22921.15,adamsjacqueline@lewis.com,2025-04-04 12:13:30,lewis.com,2025-04-04
T0527,U166,44110.12,xgarza@jones.com,2025-04-09 16:16:03,jones.com,2025-04-09
T0528,U134,0.0,bobbydavis@fox.com,2025-04-01 11:14:41,fox.com,2025-04-01
T0529,U001,0.0,pittsdavid@parker.info,2025-04-24 15:35:18,parker.info,2025-04-24
T0530,U035,70429.39,tmoss@villarreal-gomez.com,2025-04-13 07:59:00,villarreal-gomez.com,2025-04-13
T0531,U071,0.0,twilliams@yahoo.com,2025-04-19 14:20:42,yahoo.com,2025-04-19
T0532,U211,0.0,uashley@turner.com,2025-04-23 00:45:23,turner.com,2025-04-23
T0533,U213,63361.48,kphelps@gmail.com,2025-04-21 05:32:29,gmail.com,2025-04-21
T0534,U063,68495.68,laura90@taylor.com,2025-04-19 13:03:59,taylor.com,2025-04-19
T0535,U007,0.0,pattersonandrew@kelly.com,2025-03-31 06:23:13,kelly.com,2025-03-31
T0536,U209,0.0,turnermelissa@hotmail.com,2025-04-10 14:34:35,hotmail.com,2025-04-10
T0537,U107,0.0,chelsea07@gmail.com,2025-04-09 19:06:43,gmail.com,2025-04-09
T0538,U231,49028.35,dweber@hotmail.com,2025-04-14 23:35:53,hotmail.com,2025-04-14
T0539,U213,24750.37,leeamber@yahoo.com,2025-04-11 13:15:20,yahoo.com,2025-04-11
T0540,U195,0.0,amy06@erickson.biz,2025-04-07 15:16:26,erickson.biz,2025-04-07
T0541,U012,0.0,moorelisa@gmail.com,2025-04-13 02:42:28,gmail.com,2025-04-13
T0542,U188,51400.47,deannabates@anderson.com,2025-03-30 07:15:41,anderson.com,2025-03-30
T0543,U006,55314.91,johnjohnson@hotmail.com,2025-04-11 06:15:08,hotmail.com,2025-04-11
T0544,U249,0.0,arellanochelsea@francis.net,2025-04-05 12:41:41,francis.net,2025-04-05
T0545,U133,0.0,john64@mack.info,2025-04-15 01:46:10,mack.info,2025-04-15
T0547,U173,47204.87,kimberlyolson@stafford.com,2025-04-23 01:30:56,stafford.com,2025-04-23
T0549,U119,41947.83,edwardskaren@murphy.biz,2025-04-10 15:54:49,murphy.biz,2025-04-10
T0550,U298,0.0,huntertanya@byrd-henry.biz,2025-04-21 02:43:57,byrd-henry.biz,2025-04-21
T0551,U150,0.0,padillawayne@gmail.com,2025-04-05 02:53:15,gmail.com,2025-04-05
T0552,U236,0.0,huberkrystal@young.com,2025-04-23 09:26:08,young.com,2025-04-23
T0553,U284,74460.11,zbrown@smith.com,2025-04-17 12:27:05,smith.com,2025-04-17
T0554,U030,0.0,rmoore@hotmail.com,2025-03-29 17:52:55,hotmail.com,2025-03-29
T0555,U211,0.0,john52@hotmail.com,2025-04-18 06:49:24,hotmail.com,2025-04-18
T0556,U175,0.0,brownelizabeth@warren.com,2025-04-03 15:44:04,warren.com,2025-04-03
T0557,U166,0.0,psmith@parks-mullins.org,2025-04-07 21:31:05,parks-mullins.org,2025-04-07
T0559,U120,13131.74,aruiz@deleon-miller.com,2025-04-25 23:40:08,deleon-miller.com,2025-04-25
T0560,U145,0.0,michael94@hotmail.com,2025-04-14 09:21:22,hotmail.com,2025-04-14
T0561,U265,0.0,suzanneryan@yahoo.com,2025-04-27 11:36:28,yahoo.com,2025-04-27
T0562,U253,79998.3,michael78@bruce.com,2025-04-15 21:48:58,bruce.com,2025-04-15
T0563,U238,0.0,barbercolleen@gmail.com,2025-04-05 11:21:24,gmail.com,2025-04-05
T0564,U099,11399.59,kimberlystokes@hotmail.com,2025-04-17 13:47:31,hotmail.com,2025-04-17
T0565,U152,0.0,keith25@yahoo.com,2025-03-31 08:21:13,yahoo.com,2025-03-31
T0566,U294,0.0,brandon88@trevino.org,2025-03-31 08:20:36,trevino.org,2025-03-31
T0567,U150,64338.35,ashley21@guerra.com,2025-04-08 13:19:35,guerra.com,2025-04-08
T0568,U232,0.0,shafferalicia@gray.com,2025-04-27 12:15:17,gray.com,2025-04-27
T0569,U060,66574.76,jennifergarcia@carroll-joseph.com,2025-03-29 18:00:22,carroll-joseph.com,2025-03-29
T0570,U072,0.0,mcruz@gmail.com,2025-04-09 17:12:19,gmail.com,2025-04-09
T0571,U184,0.0,harriscrystal@blevins.com,2025-04-06 01:26:42,blevins.com,2025-04-06
T0572,U191,0.0,bbarker@johnson.info,2025-04-11 05:42:37,johnson.info,2025-04-11
T0573,U011,0.0,xbarron@hotmail.com,2025-04-04 20:48:04,hotmail.com,2025-04-04
T0575,U046,0.0,huntjasmine@yahoo.com,2025-04-18 08:26:43,yahoo.com,2025-04-18
T0576,U150,67753.92,barbara93@dawson-burton.com,2025-04-11 07:55:09,dawson-burton.com,2025-04-11
T0577,U253,0.0,brittanysingh@hotmail.com,2025-04-23 16:26:42,hotmail.com,2025-04-23
T0578,U264,51468.66,bauercharles@yahoo.com,2025-04-17 09:29:16,yahoo.com,2025-04-17
T0579,U205,0.0,michele66@hurley.org,2025-04-11 05:39:09,hurley.org,2025-04-11
T0583,U291,47387.49,langpaul@sullivan.com,2025-04-28 01:20:33,sullivan.com,2025-04-28
T0584,U193,0.0,robert70@murphy.net,2025-04-19 16:07:39,murphy.net,2025-04-19
T0585,U268,0.0,chelseacastillo@gmail.com,2025-04-02 08:40:05,gmail.com,2025-04-02
T0586,U170,0.0,elizabeth64@gmail.com,2025-04-25 14:25:44,gmail.com,2025-04-25
T0587,U010,0.0,riosrobert@guerra.com,2025-04-01 00:25:18,guerra.com,2025-04-01
T0588,U266,0.0,earnold@randall-reynolds.org,2025-04-17 10:26:34,randall-reynolds.org,2025-04-17
T0589,U291,0.0,melissa96@brewer.com,2025-04-08 23:30:15,brewer.com,2025-04-08
T0590,U014,76422.04,leslielopez@gmail.com,2025-03-30 12:55:44,gmail.com,2025-03-30
T0591,U223,0.0,steven37@gmail.com,2025-03-31 11:19:27,gmail.com,2025-03-31
T0592,U041,0.0,suzanne67@powell.com,2025-04-11 20:13:18,powell.com,2025-04-11
T0593,U047,0.0,lking@wilkinson.com,2025-04-16 06:21:25,wilkinson.com,2025-04-16
T0594,U045,0.0,ruth98@potts.com,2025-03-30 00:16:23,potts.com,2025-03-30
T0595,U256,0.0,maryhudson@yahoo.com,2025-04-09 03:27:50,yahoo.com,2025-04-09
T0596,U105,0.0,washingtontina@yahoo.com,2025-04-21 16:41:45,yahoo.com,2025-04-21
T0597,U076,0.0,smithdarin@yahoo.com,2025-04-23 23:05:27,yahoo.com,2025-04-23
T0598,U292,0.0,wgarrett@miller.com,2025-04-27 23:47:21,miller.com,2025-04-27
T0599,U283,0.0,rebecca18@howe-weaver.com,2025-04-18 16:30:42,howe-weaver.com,2025-04-18
T0600,U194,0.0,hollandkimberly@roberts.com,2025-04-18 18:03:00,roberts.com,2025-04-18
T0601,U160,0.0,xgallagher@yahoo.com,2025-04-16 03:39:51,yahoo.com,2025-04-16
T0603,U240,12704.12,brittany09@yahoo.com,2025-04-18 19:01:22,yahoo.com,2025-04-18
T0604,U230,0.0,vazquezryan@gmail.com,2025-04-25 14:21:29,gmail.com,2025-04-25
T0605,U016,0.0,brandyperkins@gmail.com,2025-04-26 04:08:18,gmail.com,2025-04-26
T0606,U183,76723.83,jason41@gmail.com,2025-04-19 00:37:27,gmail.com,2025-04-19
T0607,U190,64259.77,mark42@washington.com,2025-04-23 22:11:51,washington.com,2025-04-23
T0608,U173,49323.12,xnunez@thomas-zuniga.com,2025-04-27 21:52:00,thomas-zuniga.com,2025-04-27
T0609,U058,0.0,vcummings@hotmail.com,2025-04-24 11:31:43,hotmail.com,2025-04-24
T0610,U112,28050.68,pamela09@chandler-hall.com,2025-04-12 12:13:01,chandler-hall.com,2025-04-12
T0611,U105,0.0,christina73@leach.info,2025-04-16 19:41:19,leach.info,2025-04-16
T0612,U066,90457.79,dkhan@hotmail.com,2025-04-09 15:15:39,hotmail.com,2025-04-09
T0613,U288,0.0,craig89@gmail.com,2025-04-16 09:49:29,gmail.com,2025-04-16
T0614,U061,73601.84,rshaw@harrison.com,2025-04-03 01:42:03,harrison.com,2025-04-03
T0616,U136,0.0,bmiller@shah.com,2025-04-04 10:12:10,shah.com,2025-04-04
T0617,U295,0.0,steven38@thompson.net,2025-04-16 16:52:21,thompson.net,2025-04-16
T0618,U067,0.0,ilevine@yahoo.com,2025-04-06 12:39:57,yahoo.com,2025-04-06
T0619,U062,0.0,mcdonalddiane@gmail.com,2025-04-05 01:15:04,gmail.com,2025-04-05
T0620,U085,0.0,ecole@jenkins.com,2025-04-07 18:22:16,jenkins.com,2025-04-07
T0622,U222,33005.25,mary14@yahoo.com,2025-03-31 09:33:10,yahoo.com,2025-03-31
T0623,U185,0.0,ssharp@green.info,2025-04-10 16:06:51,green.info,2025-04-10
T0624,U097,25522.46,mooremary@yahoo.com,2025-03-29 08:22:33,yahoo.com,2025-03-29
T0625,U185,0.0,garcialisa@hotmail.com,2025-04-11 12:22:09,hotmail.com,2025-04-11
T0626,U167,38983.86,thomaslaurie@gonzalez.com,2025-04-22 05:34:25,gonzalez.com,2025-04-22
T0628,U053,0.0,duncankaren@gmail.com,2025-04-21 05:33:35,gmail.com,2025-04-21
T0630,U077,0.0,ronalddavila@hotmail.com,2025-03-31 18:25:48,hotmail.com,2025-03-31
T0631,U296,66551.11,shellywilkins@yahoo.com,2025-04-16 16:50:30,yahoo.com,2025-04-16
T0632,U235,0.0,adrian25@johnson-davis.com,2025-04-21 04:17:53,johnson-davis.com,2025-04-21
T0633,U150,0.0,calderonvernon@carter.info,2025-04-05 17:54:07,carter.info,2025-04-05
T0634,U057,0.0,cindyperry@proctor-miller.com,2025-04-09 20:48:14,proctor-miller.com,2025-04-09
T0635,U061,0.0,mary39@gmail.com,2025-04-11 18:50:58,gmail.com,2025-04-11
T0636,U077,0.0,gomezjennifer@pierce.info,2025-04-10 06:40:50,pierce.info,2025-04-10
T0637,U229,0.0,sandersnicole@yahoo.com,2025-04-21 06:40:20,yahoo.com,2025-04-21
T0638,U220,0.0,spatel@gmail.com,2025-04-19 07:10:53,gmail.com,2025-04-19
T0639,U238,0.0,castillowendy@gmail.com,2025-04-01 10:45:33,gmail.com,2025-04-01
T0640,U010,0.0,lauraedwards@yahoo.com,2025-04-11 07:09:56,yahoo.com,2025-04-11
T0641,U219,0.0,armstrongchristopher@yahoo.com,2025-04-17 10:28:23,yahoo.com,2025-04-17
T0642,U077,0.0,hdiaz@yahoo.com,2025-04-06 12:32:25,yahoo.com,2025-04-06
T0643,U187,0.0,molson@fields.info,2025-04-07 09:56:40,fields.info,2025-04-07
T0644,U280,26961.89,nmatthews@hotmail.com,2025-04-02 14:43:22,hotmail.com,2025-04-02
T0645,U226,0.0,davisheather@owen.com,2025-04-21 02:21:24,owen.com,2025-04-21
T0647,U237,92386.73,lynnmiddleton@gmail.com,2025-04-27 16:37:34,gmail.com,2025-04-27
T0648,U031,0.0,oholland@yahoo.com,2025-04-22 19:28:43,yahoo.com,2025-04-22
T0649,U154,77514.38,laurenortiz@johnston.com,2025-04-20 13:01:20,johnston.com,2025-04-20
T0650,U083,0.0,kimmorales@hotmail.com,2025-04-22 19:04:22,hotmail.com,2025-04-22
T0651,U036,0.0,matthewwood@hudson.com,2025-03-31 11:33:23,hudson.com,2025-03-31
T0652,U243,0.0,gcole@patterson-french.net,2025-04-21 17:31:16,patterson-french.net,2025-04-21
T0653,U039,53108.55,stacey78@mann.net,2025-04-18 06:43:28,mann.net,2025-04-18
T0654,U043,71556.36,michaelwebster@edwards.com,2025-04-19 05:48:09,edwards.com,2025-04-19
T0655,U244,0.0,diazjohn@graham-fox.biz,2025-04-26 06:49:12,graham-fox.biz,2025-04-26
T0657,U101,0.0,bjackson@yahoo.com,2025-04-18 11:14:49,yahoo.com,2025-04-18
T0658,U110,61441.48,jharrington@hotmail.com,2025-04-24 18:41:52,hotmail.com,2025-04-24
T0659,U262,57020.1,robin52@schaefer.com,2025-04-06 19:35:39,schaefer.com,2025-04-06
T0660,U017,0.0,brianward@branch.net,2025-03-30 16:31:41,branch.net,2025-03-30
T0661,U128,0.0,clarkmorgan@flores-gomez.com,2025-04-05 04:03:26,flores-gomez.com,2025-04-05
T0662,U021,0.0,fitzgeraldtravis@hotmail.com,2025-04-22 02:31:40,hotmail.com,2025-04-22
T0664,U157,16805.77,william86@soto.net,2025-04-15 01:12:36,soto.net,2025-04-15
T0665,U193,0.0,gryan@harmon.net,2025-04-07 08:31:56,harmon.net,2025-04-07
T0666,U072,0.0,emendoza@gmail.com,2025-04-27 03:32:16,gmail.com,2025-04-27
T0667,U061,0.0,rcross@martinez.net,2025-04-01 07:55:35,martinez.net,2025-04-01
T0668,U158,0.0,nschneider@hotmail.com,2025-04-14 21:36:33,hotmail.com,2025-04-14
T0669,U095,92766.05,oortiz@hotmail.com,2025-04-20 13:42:03,hotmail.com,2025-04-20
T0670,U204,13634.46,gilmoreashley@rogers.com,2025-04-20 13:09:21,rogers.com,2025-04-20
T0671,U102,13469.2,destinysmith@alexander.info,2025-04-06 18:58:14,alexander.info,2025-04-06
T0672,U142,0.0,peckadrian@hotmail.com,2025-04-12 08:54:29,hotmail.com,2025-04-12
T0673,U128,0.0,darren65@hotmail.com,2025-04-23 23:25:12,hotmail.com,2025-04-23
T0674,U063,83988.63,usteele@frank-cobb.com,2025-04-23 16:11:25,frank-cobb.com,2025-04-23
T0675,U239,0.0,yfarrell@potter-hays.com,2025-04-10 09:01:42,potter-hays.com,2025-04-10
T0676,U158,83691.03,xdavis@acosta-norris.org,2025-04-02 10:54:35,acosta-norris.org,2025-04-02
T0678,U206,0.0,asanchez@espinoza.net,2025-04-13 23:38:35,espinoza.net,2025-04-13
T0679,U290,0.0,alicelogan@lopez.net,2025-04-03 03:25:57,lopez.net,2025-04-03
T0680,U130,0.0,rosedaniel@hotmail.com,2025-04-24 00:18:40,hotmail.com,2025-04-24
T0681,U224,71504.94,heidi36@phillips.org,2025-04-08 06:32:19,phillips.org,2025-04-08
T0682,U130,22825.75,angelafrench@larson.com,2025-04-14 09:01:05,larson.com,2025-04-14
T0683,U190,81058.02,hilljeffery@mckinney-roberts.biz,2025-04-09 15:42:58,mckinney-roberts.biz,2025-04-09
T0684,U069,0.0,heatherbenjamin@hamilton.info,2025-04-11 19:44:21,hamilton.info,2025-04-11
T0685,U122,0.0,steven08@gmail.com,2025-04-13 04:42:35,gmail.com,2025-04-13
T0686,U228,95463.0,lawsoncory@brooks.info,2025-04-20 09:44:24,brooks.info,2025-04-20
T0687,U099,0.0,rogerpierce@hotmail.com,2025-04-05 22:09:22,hotmail.com,2025-04-05
T0688,U160,31516.55,westthomas@schwartz.com,2025-04-25 18:52:09,schwartz.com,2025-04-25
T0689,U273,15113.44,emmaedwards@beasley-black.net,2025-04-27 16:12:24,beasley-black.net,2025-04-27
T0690,U220,0.0,rodgerstodd@gomez.org,2025-04-02 04:23:44,gomez.org,2025-04-02
T0692,U066,0.0,qtaylor@blake.net,2025-04-20 02:16:08,blake.net,2025-04-20
T0693,U207,0.0,trevinocolton@copeland.info,2025-04-02 06:50:39,copeland.info,2025-04-02
T0694,U172,90783.11,johnsondavid@hotmail.com,2025-04-02 23:18:21,hotmail.com,2025-04-02
T0695,U104,0.0,lisa89@owens.biz,2025-04-04 11:36:58,owens.biz,2025-04-04
T0697,U200,0.0,nicholasthompson@yahoo.com,2025-04-05 17:32:38,yahoo.com,2025-04-05
T0698,U233,0.0,diane56@yahoo.com,2025-03-29 21:58:37,yahoo.com,2025-03-29
T0699,U234,0.0,steven47@hotmail.com,2025-04-04 02:02:48,hotmail.com,2025-04-04
T0700,U028,0.0,blakekaitlyn@cortez.com,2025-04-15 03:45:03,cortez.com,2025-04-15
T0702,U021,0.0,millerryan@perez-chavez.com,2025-04-12 10:17:02,perez-chavez.com,2025-04-12
T0703,U036,0.0,jennifer36@carr.org,2025-04-03 15:24:59,carr.org,2025-04-03
T0704,U085,62295.56,ctucker@robinson.com,2025-03-31 17:31:04,robinson.com,2025-03-31
T0705,U153,0.0,bradleyjoseph@gmail.com,2025-04-12 21:38:47,gmail.com,2025-04-12
T0706,U126,32109.14,nicole22@anderson.com,2025-04-09 10:27:04,anderson.com,2025-04-09
T0707,U086,0.0,yangmarcus@butler.com,2025-03-30 14:32:42,butler.com,2025-03-30
T0708,U269,0.0,sueadams@harrington.com,2025-03-31 13:27:21,harrington.com,2025-03-31
T0709,U064,61770.76,kevinrussell@yahoo.com,2025-04-19 11:14:03,yahoo.com,2025-04-19
T0710,U293,45394.0,adrian37@yahoo.com,2025-04-08 08:00:23,yahoo.com,2025-04-08
T0711,U043,63719.55,hshaw@yahoo.com,2025-04-01 12:06:15,yahoo.com,2025-04-01
T0712,U198,0.0,robertwalker@flores-klein.com,2025-04-01 11:45:52,flores-klein.com,2025-04-01
T0713,U048,75942.98,kimberlywhite@shepard-le.biz,2025-03-30 16:30:55,shepard-le.biz,2025-03-30
T0714,U100,0.0,rperez@wheeler.org,2025-04-03 10:50:45,wheeler.org,2025-04-03
T0715,U053,0.0,qhunter@hotmail.com,2025-04-25 01:10:18,hotmail.com,2025-04-25
T0716,U189,44795.79,cruzedward@yahoo.com,2025-04-13 18:53:11,yahoo.com,2025-04-13
T0717,U119,0.0,madisonpugh@hotmail.com,2025-04-05 01:16:46,hotmail.com,2025-04-05
T0718,U218,0.0,carl64@phillips-williams.com,2025-04-23 22:48:28,phillips-williams.com,2025-04-23
T0719,U265,37540.82,lmurray@erickson.com,2025-04-23 22:04:09,erickson.com,2025-04-23
T0720,U220,0.0,chad17@hotmail.com,2025-04-13 19:41:38,hotmail.com,2025-04-13
T0721,U292,0.0,heather54@elliott.com,2025-04-11 06:28:58,elliott.com,2025-04-11
T0722,U134,0.0,lisawillis@rivera-crawford.net,2025-04-07 19:33:25,rivera-crawford.net,2025-04-07
T0723,U066,76644.67,murraycassandra@gmail.com,2025-04-03 07:20:17,gmail.com,2025-04-03
T0724,U115,35609.09,felicia52@yahoo.com,2025-04-12 16:31:45,yahoo.com,2025-04-12
T0725,U205,0.0,bethgross@gilbert.org,2025-04-14 18:47:21,gilbert.org,2025-04-14
T0726,U262,0.0,clittle@montgomery.com,2025-04-14 04:38:23,montgomery.com,2025-04-14
T0727,U130,0.0,kennethallen@mitchell.info,2025-03-31 16:48:06,mitchell.info,2025-03-31
T0728,U177,0.0,singhcourtney@yahoo.com,2025-04-07 22:09:56,yahoo.com,2025-04-07
T0729,U169,0.0,iramirez@diaz-scott.com,2025-04-12 09:08:07,diaz-scott.com,2025-04-12
T0730,U228,75660.85,rcalderon@hotmail.com,2025-04-18 06:51:34,hotmail.com,2025-04-18
T0731,U025,0.0,tatesamantha@santiago.net,2025-04-23 16:33:46,santiago.net,2025-04-23
T0732,U044,56962.25,arroyosarah@gmail.com,2025-04-17 02:48:00,gmail.com,2025-04-17
T0733,U189,0.0,prattcaroline@hotmail.com,2025-04-22 11:17:38,hotmail.com,2025-04-22
T0734,U149,0.0,colemanscott@burgess.biz,2025-04-10 11:56:25,burgess.biz,2025-04-10
T0735,U275,0.0,smithanna@gmail.com,2025-04-18 20:38:45,gmail.com,2025-04-18
T0738,U225,0.0,heather87@stephens.com,2025-04-23 18:32:36,stephens.com,2025-04-23
T0740,U066,0.0,michaelcardenas@yahoo.com,2025-04-23 19:55:29,yahoo.com,2025-04-23
T0741,U202,0.0,paynepaul@hotmail.com,2025-04-27 21:29:25,hotmail.com,2025-04-27
T0742,U232,17684.51,brandon27@gmail.com,2025-03-30 03:32:27,gmail.com,2025-03-30
T0743,U215,0.0,ryan49@hotmail.com,2025-04-08 16:05:27,hotmail.com,2025-04-08
T0744,U297,0.0,kathryn86@yahoo.com,2025-04-25 11:01:45,yahoo.com,2025-04-25
T0746,U150,0.0,cestrada@wilkerson.com,2025-04-06 16:45:05,wilkerson.com,2025-04-06
T0748,U274,33728.9,escobarrobert@schmitt.org,2025-04-18 21:31:06,schmitt.org,2025-04-18
T0749,U089,0.0,bryce78@gmail.com,2025-03-31 05:19:24,gmail.com,2025-03-31
T0750,U235,0.0,roseriley@kent.com,2025-04-19 00:42:03,kent.com,2025-04-19
T0751,U076,0.0,schapman@gmail.com,2025-04-13 07:30:06,gmail.com,2025-04-13
T0752,U113,0.0,lfisher@yahoo.com,2025-04-27 14:59:53,yahoo.com,2025-04-27
T0753,U091,0.0,tina35@baker.com,2025-04-16 10:08:32,baker.com,2025-04-16
T0754,U191,0.0,george50@salas.com,2025-04-20 19:19:50,salas.com,2025-04-20
T0755,U127,0.0,davisjohn@mcintyre.com,2025-04-16 01:35:51,mcintyre.com,2025-04-16
T0756,U202,0.0,justinblack@walter.com,2025-04-06 03:46:49,walter.com,2025-04-06
T0757,U237,0.0,nathanhampton@weber.com,2025-04-12 01:34:31,weber.com,2025-04-12
T0758,U088,35880.26,katieroberts@yahoo.com,2025-04-27 12:12:49,yahoo.com,2025-04-27
T0759,U124,0.0,adam01@blevins-garcia.com,2025-04-14 04:53:09,blevins-garcia.com,2025-04-14
T0760,U288,0.0,huberleslie@yahoo.com,2025-04-10 09:29:40,yahoo.com,2025-04-10
T0761,U153,0.0,troy32@hotmail.com,2025-04-05 00:46:11,hotmail.com,2025-04-05
T0763,U236,0.0,ljones@sexton.biz,2025-04-17 05:28:10,sexton.biz,2025-04-17
T0764,U086,0.0,dwillis@yahoo.com,2025-04-01 20:51:37,yahoo.com,2025-04-01
T0765,U089,0.0,robert57@hotmail.com,2025-04-02 17:18:15,hotmail.com,2025-04-02
T0766,U089,0.0,hinesdavid@yahoo.com,2025-04-10 20:50:21,yahoo.com,2025-04-10
T0767,U279,19974.32,suarezaustin@yahoo.com,2025-04-21 12:08:32,yahoo.com,2025-04-21
T0768,U230,43831.23,wanderson@yahoo.com,2025-04-09 21:44:15,yahoo.com,2025-04-09
T0769,U209,96906.87,kathleensmith@mcpherson.com,2025-04-10 06:03:19,mcpherson.com,2025-04-10
T0771,U250,0.0,bmarshall@davis.net,2025-04-21 02:54:04,davis.net,2025-04-21
T0772,U287,0.0,nathan32@hall.info,2025-04-26 14:10:03,hall.info,2025-04-26
T0774,U258,44024.2,xthompson@yahoo.com,2025-04-13 20:04:32,yahoo.com,2025-04-13
T0775,U090,0.0,bennettamy@gmail.com,2025-04-18 14:23:25,gmail.com,2025-04-18
T0777,U192,0.0,laurenbennett@smith.org,2025-03-29 18:16:07,smith.org,2025-03-29
T0778,U296,91634.73,carrvalerie@delacruz-montgomery.com,2025-04-08 02:31:48,delacruz-montgomery.com,2025-04-08
T0779,U097,0.0,nicholashorton@hotmail.com,2025-03-31 08:55:48,hotmail.com,2025-03-31
T0780,U128,0.0,whitneykelley@griffin-welch.com,2025-04-22 16:15:42,griffin-welch.com,2025-04-22
T0781,U034,0.0,vgonzales@gmail.com,2025-04-26 10:47:04,gmail.com,2025-04-26
T0782,U008,93049.64,nicholeholmes@bryan-mitchell.com,2025-04-12 04:10:40,bryan-mitchell.com,2025-04-12
T0783,U153,0.0,castilloconnor@wise.com,2025-04-22 15:07:33,wise.com,2025-04-22
T0784,U164,0.0,steelemary@hotmail.com,2025-04-24 08:25:16,hotmail.com,2025-04-24
T0785,U247,0.0,swalker@hotmail.com,2025-04-18 03:04:46,hotmail.com,2025-04-18
T0787,U013,0.0,zachary50@yahoo.com,2025-03-31 05:43:02,yahoo.com,2025-03-31
T0788,U057,29697.86,jedwards@gmail.com,2025-04-13 22:27:12,gmail.com,2025-04-13
T0789,U187,0.0,theresa56@sanchez.com,2025-03-29 11:51:27,sanchez.com,2025-03-29
T0791,U147,0.0,colleenwallace@smith.com,2025-04-25 16:31:23,smith.com,2025-04-25
T0792,U223,46694.47,michelle43@gmail.com,2025-03-29 17:59:46,gmail.com,2025-03-29
T0793,U184,10087.43,james24@hawkins.com,2025-04-14 11:45:43,hawkins.com,2025-04-14
T0794,U169,0.0,hhoffman@cruz.com,2025-04-24 07:44:05,cruz.com,2025-04-24
T0795,U120,0.0,levi87@hotmail.com,2025-04-07 03:36:54,hotmail.com,2025-04-07
T0796,U065,16066.19,todd31@carr.com,2025-03-31 23:34:36,carr.com,2025-03-31
T0797,U186,0.0,zhernandez@yahoo.com,2025-04-09 23:17:05,yahoo.com,2025-04-09
T0798,U147,0.0,qclark@yahoo.com,2025-04-16 06:15:50,yahoo.com,2025-04-16
T0800,U163,0.0,bridget69@hotmail.com,2025-04-19 07:16:35,hotmail.com,2025-04-19
T0801,U008,0.0,utate@hotmail.com,2025-04-23 02:18:29,hotmail.com,2025-04-23
T0802,U231,0.0,carrdaniel@grant-turner.com,2025-03-29 21:10:03,grant-turner.com,2025-03-29
T0803,U087,0.0,josephkristen@ball.net,2025-04-17 12:24:27,ball.net,2025-04-17
T0804,U281,0.0,larryharris@yahoo.com,2025-04-13 20:14:19,yahoo.com,2025-04-13
T0806,U182,16416.2,ashley12@gmail.com,2025-04-26 16:15:02,gmail.com,2025-04-26
T0807,U181,58053.13,joseph02@yahoo.com,2025-04-17 01:29:39,yahoo.com,2025-04-17
T0808,U109,86964.08,clarkseth@baird.com,2025-04-03 21:30:28,baird.com,2025-04-03
T0809,U162,0.0,virginiaduffy@gmail.com,2025-04-16 09:58:00,gmail.com,2025-04-16
T0810,U220,17734.18,katrina87@gmail.com,2025-04-13 07:24:41,gmail.com,2025-04-13
T0811,U279,83993.52,jsanchez@rogers.org,2025-04-02 19:22:38,rogers.org,2025-04-02
T0813,U196,0.0,anna76@hotmail.com,2025-04-13 17:22:18,hotmail.com,2025-04-13
T0814,U111,14386.6,zharrison@freeman.com,2025-04-20 11:46:15,freeman.com,2025-04-20
T0815,U199,96930.72,leslie00@morgan.com,2025-04-14 11:18:07,morgan.com,2025-04-14
T0816,U255,0.0,ellismark@yahoo.com,2025-04-21 15:03:53,yahoo.com,2025-04-21
T0817,U114,0.0,curtisstewart@gmail.com,2025-04-10 02:51:25,gmail.com,2025-04-10
T0818,U228,97486.73,alexander47@acosta-herrera.com,2025-04-04 07:33:22,acosta-herrera.com,2025-04-04
T0819,U060,0.0,mgriffin@middleton.com,2025-03-30 01:33:00,middleton.com,2025-03-30
T0820,U086,95495.2,ocasey@robinson-ball.com,2025-04-24 18:17:41,robinson-ball.com,2025-04-24
T0821,U088,0.0,lauren59@hotmail.com,2025-04-10 00:52:58,hotmail.com,2025-04-10
T0823,U069,0.0,vincentball@sheppard.info,2025-04-27 12:21:04,sheppard.info,2025-04-27
T0824,U059,45691.39,tiffany64@yahoo.com,2025-04-17 22:45:45,yahoo.com,2025-04-17
T0825,U040,0.0,erin53@gmail.com,2025-04-05 06:16:43,gmail.com,2025-04-05
T0826,U281,94159.24,rhondalucas@monroe.com,2025-04-21 19:40:49,monroe.com,2025-04-21
T0827,U144,78558.28,davischristopher@nguyen.net,2025-04-05 20:24:28,nguyen.net,2025-04-05
T0828,U148,0.0,farmerandrea@gmail.com,2025-04-09 15:20:44,gmail.com,2025-04-09
T0829,U212,0.0,destinyfitzgerald@lindsey.com,2025-04-04 21:41:11,lindsey.com,2025-04-04
T0830,U064,31633.06,jonathan29@gmail.com,2025-04-18 16:21:57,gmail.com,2025-04-18
T0831,U140,0.0,jason30@morales.info,2025-04-22 10:21:50,morales.info,2025-04-22
T0832,U201,0.0,jonessteven@adams.org,2025-04-08 21:39:55,adams.org,2025-04-08
T0833,U149,0.0,jared87@hotmail.com,2025-04-05 16:04:07,hotmail.com,2025-04-05
T0835,U173,35623.11,james95@brown.com,2025-04-19 06:58:57,brown.com,2025-04-19
T0836,U185,67903.44,spenceethan@jones-morgan.com,2025-04-12 22:55:56,jones-morgan.com,2025-04-12
T0837,U141,0.0,taylor15@bell.net,2025-04-10 23:39:42,bell.net,2025-04-10
T0839,U181,51378.53,thomasphillip@ruiz.com,2025-04-02 10:02:29,ruiz.com,2025-04-02
T0840,U019,0.0,annhunter@hotmail.com,2025-04-27 03:21:39,hotmail.com,2025-04-27
T0841,U298,0.0,zadams@martinez.net,2025-03-30 02:38:10,martinez.net,2025-03-30
T0842,U272,11466.28,jessicachang@gmail.com,2025-04-16 13:37:16,gmail.com,2025-04-16
T0843,U213,0.0,gabriellaoconnor@logan-shepard.net,2025-04-17 20:55:42,logan-shepard.net,2025-04-17
T0844,U203,0.0,sullivanconnie@perkins.info,2025-03-30 07:37:17,perkins.info,2025-03-30
T0845,U267,0.0,jessica33@serrano-parks.com,2025-04-14 07:48:12,serrano-parks.com,2025-04-14
T0846,U054,0.0,jvillarreal@nguyen.com,2025-04-20 16:48:01,nguyen.com,2025-04-20
T0848,U177,80486.9,jerrygonzales@benitez.com,2025-04-24 01:06:23,benitez.com,2025-04-24
T0849,U062,0.0,robert11@henry.org,2025-04-02 11:48:24,henry.org,2025-04-02
T0853,U297,10893.13,andreagarcia@yahoo.com,2025-04-25 18:37:47,yahoo.com,2025-04-25
T0854,U289,0.0,wcantu@yahoo.com,2025-04-07 10:19:59,yahoo.com,2025-04-07
T0855,U274,0.0,murrayjordan@gmail.com,2025-04-01 18:37:37,gmail.com,2025-04-01
T0856,U296,0.0,christina75@yahoo.com,2025-04-02 10:28:42,yahoo.com,2025-04-02
T0857,U286,0.0,davisrobert@hotmail.com,2025-04-24 18:33:58,hotmail.com,2025-04-24
T0858,U172,0.0,brandy91@webster.org,2025-04-18 17:22:41,webster.org,2025-04-18
T0859,U241,72349.4,sayers@cunningham.com,2025-04-27 16:11:24,cunningham.com,2025-04-27
T0860,U177,0.0,cheyenneboone@martinez-gutierrez.com,2025-04-04 09:02:56,martinez-gutierrez.com,2025-04-04
T0864,U033,46339.92,qrobinson@yahoo.com,2025-04-03 09:26:51,yahoo.com,2025-04-03
T0865,U066,0.0,znguyen@davis-williams.com,2025-04-24 03:11:38,davis-williams.com,2025-04-24
T0866,U083,0.0,darryl72@jones-merritt.com,2025-04-28 00:12:15,jones-merritt.com,2025-04-28
T0867,U120,0.0,tammylewis@hotmail.com,2025-04-22 20:08:25,hotmail.com,2025-04-22
T0868,U077,0.0,mary02@gmail.com,2025-03-29 16:12:09,gmail.com,2025-03-29
T0870,U115,0.0,qramirez@yahoo.com,2025-04-03 13:53:47,yahoo.com,2025-04-03
T0871,U098,0.0,annachristian@hotmail.com,2025-04-10 15:23:17,hotmail.com,2025-04-10
T0873,U299,95398.71,reedmichael@russell.org,2025-04-03 06:02:12,russell.org,2025-04-03
T0874,U271,92879.56,daltonjeremy@adams-roberson.net,2025-04-27 09:17:34,adams-roberson.net,2025-04-27
T0876,U126,75012.15,tracy37@navarro.com,2025-04-08 08:04:34,navarro.com,2025-04-08
T0877,U159,0.0,amandaguerrero@hotmail.com,2025-04-26 02:34:40,hotmail.com,2025-04-26
T0878,U019,76650.02,andrearoberts@berg-torres.com,2025-04-11 05:27:42,berg-torres.com,2025-04-11
T0879,U059,22748.65,jennifercollins@gmail.com,2025-04-16 13:15:27,gmail.com,2025-04-16
T0880,U116,84103.44,susangriffith@hotmail.com,2025-04-17 09:53:40,hotmail.com,2025-04-17
T0881,U034,92036.97,reidian@jones.com,2025-04-12 22:51:50,jones.com,2025-04-12
T0882,U280,0.0,brandon26@bates.com,2025-04-03 02:33:59,bates.com,2025-04-03
T0883,U116,54822.66,wilsonkenneth@avila.com,2025-04-15 22:57:11,avila.com,2025-04-15
T0884,U004,45260.08,ambermendoza@bass.com,2025-04-05 02:52:45,bass.com,2025-04-05
T0885,U261,0.0,jessicatodd@hotmail.com,2025-04-02 13:00:05,hotmail.com,2025-04-02
T0886,U105,0.0,victoriashelton@hotmail.com,2025-04-02 14:37:34,hotmail.com,2025-04-02
T0887,U241,0.0,burnettkaren@gmail.com,2025-03-30 04:35:09,gmail.com,2025-03-30
T0888,U211,0.0,rachelrodriguez@white.com,2025-04-15 17:35:51,white.com,2025-04-15
T0889,U294,24183.53,wernerbrandon@miller-baker.net,2025-04-19 16:39:54,miller-baker.net,2025-04-19
T0890,U190,0.0,keith79@gmail.com,2025-04-02 17:06:38,gmail.com,2025-04-02
T0891,U042,0.0,sarah23@turner.com,2025-04-15 17:30:06,turner.com,2025-04-15
T0892,U225,0.0,heatherjohnson@yahoo.com,2025-04-07 10:00:29,yahoo.com,2025-04-07
T0893,U158,0.0,corylee@yahoo.com,2025-03-30 07:16:54,yahoo.com,2025-03-30
T0895,U145,0.0,matthewsaaron@cameron.net,2025-04-22 16:17:41,cameron.net,2025-04-22
T0896,U279,0.0,velasquezabigail@thompson.info,2025-04-24 04:02:16,thompson.info,2025-04-24
T0897,U014,0.0,steven64@hotmail.com,2025-04-18 09:53:52,hotmail.com,2025-04-18
T0898,U034,0.0,tlane@cook.org,2025-04-21 22:14:09,cook.org,2025-04-21
T0900,U026,54377.26,usmith@hotmail.com,2025-04-13 06:09:15,hotmail.com,2025-04-13
T0901,U198,0.0,nbaker@arias.info,2025-04-11 10:36:13,arias.info,2025-04-11
T0902,U010,0.0,manuelcrawford@wade-maldonado.com,2025-04-16 17:35:42,wade-maldonado.com,2025-04-16
T0903,U091,0.0,aaronleonard@yahoo.com,2025-04-27 06:33:44,yahoo.com,2025-04-27
T0904,U058,25369.47,williamreilly@wright-hampton.net,2025-04-08 01:58:28,wright-hampton.net,2025-04-08
T0906,U055,0.0,hollycunningham@hotmail.com,2025-04-07 11:56:19,hotmail.com,2025-04-07
T0908,U044,0.0,cody93@yahoo.com,2025-03-31 15:42:45,yahoo.com,2025-03-31
T0910,U207,23433.67,williamweber@cobb.com,2025-04-21 02:10:51,cobb.com,2025-04-21
T0911,U032,81990.87,joseph83@hotmail.com,2025-04-27 20:00:57,hotmail.com,2025-04-27
T0912,U250,72012.21,hurleyricky@green.org,2025-04-27 22:12:22,green.org,2025-04-27
T0913,U022,81189.73,lorrainegarcia@park-carr.com,2025-04-03 18:15:55,park-carr.com,2025-04-03
T0914,U245,53420.15,linda73@hutchinson.com,2025-04-25 06:36:23,hutchinson.com,2025-04-25
T0915,U026,0.0,farmernicole@yahoo.com,2025-04-12 13:53:45,yahoo.com,2025-04-12
T0916,U035,0.0,kcox@johnson.org,2025-04-11 03:53:48,johnson.org,2025-04-11
T0917,U162,0.0,griffindean@gmail.com,2025-04-10 22:04:43,gmail.com,2025-04-10
T0918,U050,0.0,scott40@gmail.com,2025-04-09 22:27:59,gmail.com,2025-04-09
T0920,U118,0.0,hchase@hotmail.com,2025-04-23 18:25:15,hotmail.com,2025-04-23
T0921,U132,0.0,fwolfe@gmail.com,2025-04-20 20:57:26,gmail.com,2025-04-20
T0922,U079,0.0,kenneth43@yahoo.com,2025-04-16 05:55:27,yahoo.com,2025-04-16
T0923,U117,94313.42,edward22@yahoo.com,2025-04-02 01:15:44,yahoo.com,2025-04-02
T0924,U287,72472.71,brownangela@hotmail.com,2025-04-18 23:16:10,hotmail.com,2025-04-18
T0925,U224,0.0,joshuaaguilar@moore.com,2025-04-14 03:01:21,moore.com,2025-04-14
T0926,U217,0.0,solisjohn@melton-barton.com,2025-04-14 23:37:31,melton-barton.com,2025-04-14
T0927,U276,0.0,danny85@yahoo.com,2025-04-25 01:20:38,yahoo.com,2025-04-25
T0928,U058,0.0,daniellemann@yahoo.com,2025-03-31 12:52:52,yahoo.com,2025-03-31
T0929,U027,47818.91,hparker@oconnor.com,2025-04-24 09:45:11,oconnor.com,2025-04-24
T0930,U038,41830.71,andre88@hotmail.com,2025-04-26 14:59:49,hotmail.com,2025-04-26
T0931,U297,0.0,ypark@hotmail.com,2025-04-22 15:45:30,hotmail.com,2025-04-22
T0933,U185,42121.36,qyoung@wallace.biz,2025-04-25 21:11:49,wallace.biz,2025-04-25
T0934,U137,70558.67,victoriareilly@hotmail.com,2025-04-12 17:03:04,hotmail.com,2025-04-12
T0936,U010,0.0,dorothy13@gray.com,2025-04-23 17:16:32,gray.com,2025-04-23
T0938,U140,0.0,williammatthews@hotmail.com,2025-04-16 10:54:03,hotmail.com,2025-04-16
T0939,U125,18866.34,williamsontasha@scott.org,2025-04-21 12:29:44,scott.org,2025-04-21
T0940,U040,0.0,markhiggins@zuniga.net,2025-04-13 20:40:24,zuniga.net,2025-04-13
T0941,U165,63644.49,stevenjohnson@boyd.org,2025-04-19 15:46:12,boyd.org,2025-04-19
T0942,U164,0.0,smithkaren@yahoo.com,2025-04-12 08:34:47,yahoo.com,2025-04-12
T0943,U156,0.0,patricia19@atkinson-escobar.com,2025-04-11 03:41:16,atkinson-escobar.com,2025-04-11
T0944,U066,0.0,shelly06@johnson.biz,2025-04-23 02:16:08,johnson.biz,2025-04-23
T0946,U161,0.0,ocarrillo@gmail.com,2025-04-03 17:11:23,gmail.com,2025-04-03
T0947,U008,0.0,morrowkimberly@yahoo.com,2025-04-11 18:23:41,yahoo.com,2025-04-11
T0948,U011,16021.77,clopez@stanley-ward.com,2025-04-23 02:38:14,stanley-ward.com,2025-04-23
T0950,U017,0.0,qnelson@hotmail.com,2025-04-09 03:27:55,hotmail.com,2025-04-09
T0951,U277,0.0,russellgill@hotmail.com,2025-03-31 00:56:33,hotmail.com,2025-03-31
T0952,U185,11152.02,ksims@hotmail.com,2025-04-22 05:50:54,hotmail.com,2025-04-22
T0953,U182,34005.04,jenniferrichardson@hotmail.com,2025-04-27 17:03:00,hotmail.com,2025-04-27
T0954,U058,0.0,sarahmays@logan.com,2025-04-13 13:56:00,logan.com,2025-04-13
T0955,U254,0.0,gonzalezgerald@yahoo.com,2025-03-30 16:16:33,yahoo.com,2025-03-30
T0956,U276,45940.16,wilsonwilliam@hotmail.com,2025-04-24 21:56:50,hotmail.com,2025-04-24
T0957,U032,0.0,tmcgee@nielsen.com,2025-04-09 14:01:02,nielsen.com,2025-04-09
T0958,U268,0.0,phall@hotmail.com,2025-04-20 04:42:28,hotmail.com,2025-04-20
T0960,U253,83633.89,fcastillo@martin.com,2025-04-04 06:22:24,martin.com,2025-04-04
T0961,U198,0.0,smithkatherine@gmail.com,2025-04-22 17:42:12,gmail.com,2025-04-22
T0962,U143,75711.17,zmeyer@rodriguez.net,2025-04-11 00:09:33,rodriguez.net,2025-04-11
T0963,U256,0.0,hartmanmolly@hotmail.com,2025-04-13 06:33:55,hotmail.com,2025-04-13
T0964,U110,0.0,xhayden@prince.com,2025-04-09 11:04:38,prince.com,2025-04-09
T0965,U050,93732.06,richardwilson@hill.com,2025-04-06 00:07:37,hill.com,2025-04-06
T0966,U171,0.0,patriciagrant@booth-mcclain.info,2025-04-09 22:27:51,booth-mcclain.info,2025-04-09
T0967,U016,0.0,jnovak@hughes-gonzales.com,2025-04-21 04:32:11,hughes-gonzales.com,2025-04-21
T0968,U292,0.0,craigwright@hotmail.com,2025-04-26 17:43:55,hotmail.com,2025-04-26
T0969,U300,0.0,gwendolynharris@horton.biz,2025-04-09 22:59:09,horton.biz,2025-04-09
T0970,U249,0.0,johnbraun@yahoo.com,2025-04-07 20:20:14,yahoo.com,2025-04-07
T0971,U001,0.0,jenningssarah@barnett.com,2025-04-20 13:48:45,barnett.com,2025-04-20
T0972,U012,81627.62,christinadavis@gmail.com,2025-04-02 10:42:23,gmail.com,2025-04-02
T0974,U033,0.0,fostersuzanne@hotmail.com,2025-04-19 21:03:25,hotmail.com,2025-04-19
T0975,U239,0.0,bethany24@holmes.info,2025-04-27 01:20:36,holmes.info,2025-04-27
T0976,U171,0.0,gsmith@yahoo.com,2025-04-20 06:11:21,yahoo.com,2025-04-20
T0977,U219,85312.12,nicholas58@harris.com,2025-03-29 05:34:47,harris.com,2025-03-29
T0978,U207,20159.78,garylove@lloyd.info,2025-04-06 11:57:37,lloyd.info,2025-04-06
T0979,U049,0.0,donald70@hotmail.com,2025-04-22 15:49:41,hotmail.com,2025-04-22
T0982,U213,38089.68,duncananthony@gmail.com,2025-04-05 13:02:58,gmail.com,2025-04-05
T0983,U015,53246.9,dlee@newton.com,2025-04-09 20:27:58,newton.com,2025-04-09
T0984,U117,0.0,hannabonnie@cole-gonzalez.com,2025-04-02 00:42:27,cole-gonzalez.com,2025-04-02
T0985,U193,0.0,kimberlyleon@yahoo.com,2025-04-27 09:39:28,yahoo.com,2025-04-27
T0986,U266,0.0,josephjuarez@yahoo.com,2025-04-07 16:16:25,yahoo.com,2025-04-07
T0987,U103,23660.94,xgreene@mcgee.com,2025-04-14 02:22:36,mcgee.com,2025-04-14
T0988,U171,0.0,ypatterson@yahoo.com,2025-04-14 20:54:28,yahoo.com,2025-04-14
T0989,U300,94540.29,jwillis@gomez.org,2025-03-29 11:27:04,gomez.org,2025-03-29
T0990,U038,14292.96,beckysmith@yahoo.com,2025-04-22 04:44:56,yahoo.com,2025-04-22
T0991,U032,0.0,cshaffer@wise.info,2025-04-27 05:21:54,wise.info,2025-04-27
T0992,U185,42197.09,ucharles@yahoo.com,2025-04-19 18:20:08,yahoo.com,2025-04-19
T0993,U065,0.0,smithchristopher@yahoo.com,2025-04-17 07:38:20,yahoo.com,2025-04-17
T0995,U010,0.0,angela46@davis.com,2025-04-15 23:21:09,davis.com,2025-04-15
T0996,U067,41499.38,maria97@hart.com,2025-04-13 18:46:01,hart.com,2025-04-13
T0998,U291,24415.8,ecarr@rojas.org,2025-04-27 20:59:01,rojas.org,2025-04-27
T0999,U155,0.0,averymonica@hotmail.com,2025-04-16 09:54:40,hotmail.com,2025-04-16
T1000,U076,0.0,gcontreras@cruz.com,2025-04-10 17:44:20,cruz.com,2025-04-10
